id,Time_spent_Alone,Stage_fear,Social_event_attendance,Going_outside,Drained_after_socializing,Friends_circle_size,Post_frequency,Personality,avg_probability,prob_std
102,6.0,Yes,2.0,0.0,Yes,2.0,0.0,Extrovert,0.20865141317714028,0.15331280130905156
124,4.0,No,7.0,6.0,No,11.0,3.0,Introvert,0.8558140664773987,0.13473145170524725
139,11.0,,2.0,2.0,Yes,2.0,2.0,Extrovert,0.21862109048051825,0.14838842165119673
149,0.0,No,4.0,6.0,No,,3.0,Introvert,0.8656335940232035,0.13453545094468267
285,,No,9.0,5.0,No,12.0,6.0,Introvert,0.7745748690727363,0.12257552492309366
338,,No,9.0,6.0,No,13.0,8.0,Introvert,0.707737963947042,0.1270728857806988
503,11.0,Yes,1.0,2.0,,3.0,1.0,Extrovert,0.2842955053119885,0.11566353279067507
518,11.0,Yes,1.0,1.0,Yes,4.0,3.0,Extrovert,0.4225767416804828,0.06031359844362351
547,2.0,No,10.0,6.0,No,10.0,6.0,Introvert,0.8853761345760464,0.07983638316442633
558,3.0,Yes,2.0,1.0,Yes,2.0,1.0,Extrovert,0.18586825555250308,0.08230168496087929
561,1.0,No,9.0,4.0,No,13.0,4.0,Introvert,0.9194139941403382,0.07938431233823413
714,5.0,Yes,4.0,2.0,Yes,4.0,1.0,Extrovert,0.3050272647111817,0.1276399375921476
727,6.0,Yes,3.0,2.0,Yes,3.0,2.0,Extrovert,0.11637838151250944,0.03147946082672842
737,7.0,Yes,0.0,,Yes,5.0,2.0,Extrovert,0.18792451078008518,0.14633124648596874
869,10.0,Yes,2.0,0.0,Yes,,2.0,Extrovert,0.20425528846291538,0.11333582807222951
877,1.0,No,4.0,6.0,No,13.0,4.0,Introvert,0.9514922602882178,0.024480650106852617
946,7.0,Yes,3.0,2.0,,4.0,2.0,Extrovert,0.09926235207404939,0.056241648447329116
1037,4.0,Yes,2.0,3.0,Yes,1.0,2.0,Extrovert,0.13216916617362565,0.08149982215550157
1203,9.0,Yes,2.0,2.0,Yes,0.0,1.0,Extrovert,0.23842997308704658,0.11730129336212705
1211,2.0,No,9.0,6.0,No,6.0,3.0,Introvert,0.9749176286889223,0.01517195193521949
1263,10.0,Yes,3.0,3.0,Yes,4.0,3.0,Extrovert,0.14477743106758223,0.06528455824852408
1430,1.0,No,4.0,5.0,No,10.0,7.0,Introvert,0.9577504306197911,0.025428514498275646
1460,2.0,No,5.0,6.0,No,14.0,10.0,Introvert,0.768059399711731,0.10099897333103448
1499,0.0,No,6.0,3.0,No,14.0,7.0,Introvert,0.9255005537054236,0.044287127297157634
1511,1.0,No,9.0,7.0,No,8.0,7.0,Introvert,0.8628687462153346,0.09415971297012
1515,6.0,Yes,0.0,,Yes,2.0,1.0,Extrovert,0.22971889313507657,0.10802317190582476
1582,7.0,Yes,2.0,0.0,Yes,0.0,2.0,Extrovert,0.13044556698825635,0.05118941820511811
1585,2.0,No,4.0,7.0,No,6.0,4.0,Introvert,0.9071614743515092,0.07033671150084345
1596,0.0,No,9.0,7.0,No,13.0,6.0,Introvert,0.821346057133471,0.07932592967034884
1703,0.0,No,8.0,5.0,No,10.0,6.0,Introvert,0.8976503382102611,0.05624457190232398
1725,1.0,No,5.0,7.0,No,15.0,6.0,Introvert,0.9305854118306695,0.026897574225997836
1729,4.0,No,4.0,7.0,No,10.0,7.0,Introvert,0.7812265337313556,0.09645334349110632
1737,8.0,Yes,1.0,3.0,Yes,2.0,3.0,Extrovert,0.20758269320359982,0.07496966735393723
1834,2.0,No,7.0,5.0,No,7.0,6.0,Introvert,0.9569440430110281,0.024235271112675674
1845,7.0,Yes,3.0,2.0,Yes,1.0,2.0,Extrovert,0.12976661710094872,0.05808115329100886
1873,1.0,No,9.0,7.0,No,15.0,10.0,Introvert,0.7034306238687309,0.04065345243838629
1882,2.0,No,7.0,5.0,No,11.0,8.0,Introvert,0.9470029888843086,0.039384637891684636
1886,0.0,No,5.0,7.0,No,13.0,9.0,Introvert,0.899591986909272,0.07025821834248772
1896,2.0,No,6.0,6.0,No,10.0,10.0,Introvert,0.7869210268937855,0.14304729172398548
1927,9.0,Yes,2.0,0.0,Yes,,1.0,Extrovert,0.26847736885211243,0.14285768418614272
2001,0.0,No,4.0,5.0,No,12.0,4.0,Introvert,0.8786787397186059,0.12390633405862649
2029,8.0,Yes,1.0,2.0,Yes,2.0,,Extrovert,0.19772750543857456,0.08029664892151415
2035,0.0,No,5.0,5.0,No,11.0,10.0,Introvert,0.8275878589852447,0.06819969343478478
2136,1.0,No,10.0,5.0,No,13.0,4.0,Introvert,0.8144408868871486,0.09982690315059531
2176,0.0,No,8.0,5.0,No,5.0,5.0,Introvert,0.8631631150853843,0.10321372148315874
2183,9.0,,3.0,3.0,Yes,2.0,2.0,Extrovert,0.1915528574634647,0.12840571173868415
2197,2.0,No,9.0,,No,11.0,8.0,Introvert,0.9061821688344508,0.10282735939146052
2203,0.0,No,,6.0,No,12.0,8.0,Introvert,0.8844538631867014,0.08801200498647829
2234,10.0,Yes,1.0,2.0,Yes,2.0,3.0,Extrovert,0.1868009338668212,0.06932606909340276
2315,2.0,No,6.0,6.0,No,15.0,5.0,Introvert,0.8346234972601282,0.10234947037075291
2358,0.0,No,4.0,4.0,No,12.0,6.0,Introvert,0.961003668481753,0.03729192213582945
2473,11.0,Yes,3.0,,Yes,4.0,2.0,Extrovert,0.2352285585314865,0.14789667518599578
2526,1.0,No,5.0,5.0,No,10.0,7.0,Introvert,0.958382740672691,0.01377782994824286
2613,9.0,Yes,2.0,2.0,Yes,2.0,3.0,Extrovert,0.20718688929371062,0.05842862450250502
2653,2.0,No,9.0,6.0,No,9.0,8.0,Introvert,0.948206534734859,0.02353071242025147
2694,2.0,No,4.0,7.0,No,4.0,6.0,Introvert,0.9249259548915209,0.049415433894346966
2751,10.0,Yes,1.0,0.0,Yes,2.0,0.0,Extrovert,0.19384722055960132,0.15850418838001418
2773,4.0,Yes,0.0,2.0,Yes,4.0,,Extrovert,0.2435344695530708,0.1632075789172783
2835,5.0,,3.0,1.0,Yes,1.0,1.0,Extrovert,0.1986754203110875,0.16374477798340784
3021,10.0,Yes,1.0,1.0,Yes,4.0,,Extrovert,0.1494629502272751,0.1029821010247992
3086,0.0,No,3.0,5.0,No,14.0,3.0,Introvert,0.7444359884271958,0.10248735313016867
3153,5.0,Yes,3.0,2.0,,0.0,0.0,Extrovert,0.2517827019457049,0.1666637014309462
3191,5.0,Yes,0.0,0.0,Yes,1.0,3.0,Extrovert,0.24297566946735585,0.1223100773073128
3398,1.0,No,5.0,7.0,No,6.0,7.0,Introvert,0.9069687853958879,0.06178955700201421
3470,8.0,Yes,1.0,3.0,Yes,5.0,1.0,Extrovert,0.21101674487659902,0.12672700653631827
3558,2.0,No,7.0,7.0,No,14.0,10.0,Introvert,0.746874560596876,0.1540743626234453
3621,2.0,No,8.0,7.0,No,11.0,5.0,Introvert,0.9304695393537724,0.04014538240873598
3642,7.0,Yes,0.0,0.0,Yes,4.0,1.0,Extrovert,0.2249723582259181,0.11503726235316794
3670,5.0,Yes,3.0,0.0,Yes,,3.0,Extrovert,0.2660330014170678,0.0540246028802324
3680,1.0,No,3.0,7.0,No,7.0,3.0,Introvert,0.7946541098342942,0.11698411658888937
3682,3.0,No,,4.0,No,10.0,7.0,Introvert,0.8419089148551709,0.13734854476025232
3693,4.0,Yes,2.0,0.0,Yes,5.0,3.0,Extrovert,0.22670988302339992,0.1113246581739733
3697,1.0,No,9.0,7.0,No,11.0,7.0,Introvert,0.8338266770720124,0.0931279415730104
3810,7.0,Yes,1.0,1.0,Yes,,2.0,Extrovert,0.09085746971593206,0.055919774587290756
3827,2.0,No,8.0,5.0,No,9.0,,Introvert,0.9212556460241008,0.053275252504188686
3833,0.0,No,8.0,3.0,No,9.0,8.0,Introvert,0.9321366303005024,0.05782804640695353
3840,2.0,No,4.0,7.0,No,15.0,4.0,Introvert,0.834618291592227,0.11587047742682123
3896,,No,4.0,6.0,No,9.0,3.0,Introvert,0.8707016145000206,0.11797751146092883
4082,1.0,No,9.0,7.0,No,12.0,4.0,Introvert,0.8720740701425159,0.05897632731250417
4117,8.0,Yes,1.0,1.0,Yes,0.0,2.0,Extrovert,0.1774476565336616,0.1264485409667293
4223,2.0,No,4.0,6.0,No,8.0,5.0,Introvert,0.9796867507123576,0.004605388105692858
4226,,No,7.0,6.0,No,9.0,5.0,Introvert,0.9078112739604599,0.07542191422774289
4258,,No,6.0,5.0,No,13.0,8.0,Introvert,0.7930496567134179,0.17267993561158274
4340,2.0,No,6.0,3.0,No,15.0,5.0,Introvert,0.9128432307191433,0.07624417975722163
4411,2.0,No,,6.0,No,11.0,5.0,Introvert,0.8351347008588386,0.15627338280200287
4452,3.0,No,8.0,7.0,No,5.0,6.0,Introvert,0.8287240482905381,0.10428893272569102
4463,1.0,No,8.0,5.0,No,7.0,7.0,Introvert,0.9671932807772435,0.006551437735827734
4490,2.0,No,6.0,5.0,No,,4.0,Introvert,0.918123983427955,0.08354416552018246
4548,0.0,No,7.0,3.0,No,10.0,9.0,Introvert,0.8075704524385029,0.1715094555791211
4598,0.0,No,10.0,6.0,No,13.0,4.0,Introvert,0.7662326147411407,0.1152606453840831
4608,2.0,,7.0,6.0,No,7.0,4.0,Introvert,0.8712195856565242,0.1318081108269205
4623,2.0,No,7.0,7.0,No,6.0,5.0,Introvert,0.8981231893153243,0.054335098067456365
4637,2.0,No,10.0,4.0,No,6.0,7.0,Introvert,0.8645423630705652,0.12371538876491686
4677,1.0,No,8.0,3.0,No,4.0,6.0,Introvert,0.8658230528308458,0.14228557881029433
4796,1.0,,6.0,6.0,No,15.0,3.0,Introvert,0.7647677838549883,0.10456851392852685
4943,1.0,No,9.0,5.0,No,4.0,6.0,Introvert,0.8936934169800171,0.07493530519540807
4963,3.0,No,3.0,5.0,No,5.0,8.0,Introvert,0.7687918521813529,0.17892305739999695
5041,9.0,Yes,1.0,2.0,Yes,3.0,1.0,Extrovert,0.15440059183875968,0.0661263020022281
5045,9.0,Yes,3.0,3.0,Yes,3.0,,Extrovert,0.2619525632172301,0.16122675578621168
5048,3.0,No,4.0,5.0,No,8.0,3.0,Introvert,0.9812961592993465,0.005279252295619933
5081,11.0,Yes,3.0,1.0,Yes,,0.0,Extrovert,0.20776652832120235,0.07208500404609393
5157,6.0,,1.0,2.0,Yes,3.0,2.0,Extrovert,0.23345656035075443,0.1769116771815728
5205,7.0,Yes,2.0,3.0,Yes,4.0,3.0,Extrovert,0.20379257498062361,0.07575874214224927
5272,2.0,No,5.0,6.0,,11.0,6.0,Introvert,0.9698346821105961,0.018109681756403744
5337,3.0,No,9.0,7.0,No,7.0,7.0,Introvert,0.9354611298472824,0.03145472300556598
5362,3.0,No,7.0,7.0,No,15.0,8.0,Introvert,0.8243413416183035,0.08452171791417369
5493,0.0,No,5.0,3.0,No,4.0,5.0,Introvert,0.8898636464041304,0.11698844681823996
5506,8.0,Yes,3.0,2.0,Yes,4.0,,Extrovert,0.1718575552155721,0.11288248562151663
5512,3.0,No,8.0,3.0,No,9.0,6.0,Introvert,0.9541625329576203,0.051007503146970695
5573,6.0,Yes,1.0,0.0,Yes,1.0,,Extrovert,0.24186885093242072,0.18179391116329463
5601,0.0,No,8.0,3.0,No,13.0,3.0,Introvert,0.929444531838676,0.0597512773216795
5657,0.0,No,9.0,4.0,No,10.0,8.0,Introvert,0.8894595108306587,0.07518697354449119
5689,4.0,Yes,3.0,,Yes,3.0,2.0,Extrovert,0.09969327072453925,0.04420353968783615
5862,0.0,No,7.0,7.0,No,5.0,5.0,Introvert,0.808081065133153,0.16268738862380636
5871,1.0,No,5.0,7.0,No,13.0,10.0,Introvert,0.8372840691981147,0.1152901196519065
5906,2.0,No,7.0,4.0,No,7.0,4.0,Introvert,0.9531074712258732,0.05019971712601111
5941,2.0,No,7.0,4.0,No,,9.0,Introvert,0.7687023390655708,0.18397112150432995
5962,1.0,No,8.0,7.0,No,11.0,7.0,Introvert,0.8670205803076693,0.06894460511701919
5992,8.0,Yes,0.0,1.0,Yes,3.0,3.0,Extrovert,0.1966107321252867,0.09302620189404472
6137,3.0,No,4.0,5.0,No,14.0,,Introvert,0.8029069193797929,0.13277104782586016
6162,1.0,No,7.0,7.0,No,12.0,5.0,Introvert,0.9519867830515706,0.013380936091683435
6306,3.0,No,6.0,5.0,No,15.0,5.0,Introvert,0.8798200769436715,0.05971401787984907
6477,8.0,Yes,3.0,0.0,Yes,1.0,1.0,Extrovert,0.11529129685773765,0.04765080178126269
6593,0.0,No,7.0,3.0,No,8.0,7.0,Introvert,0.9416925084930442,0.054960295662486655
6605,10.0,Yes,1.0,2.0,,2.0,0.0,Extrovert,0.18445481769818173,0.13508559151835148
6667,0.0,No,6.0,7.0,No,5.0,7.0,Introvert,0.7895045313629162,0.1355426136959778
6670,2.0,No,5.0,7.0,No,9.0,9.0,Introvert,0.9535862263632756,0.017998553086707295
6698,1.0,No,8.0,7.0,No,6.0,7.0,Introvert,0.8673898538092941,0.044627241610472476
6741,2.0,No,3.0,5.0,No,5.0,9.0,Introvert,0.7214138817819872,0.13946107500109428
6912,8.0,Yes,3.0,3.0,Yes,5.0,0.0,Extrovert,0.265923373342835,0.15386317813831224
7075,10.0,Yes,1.0,2.0,Yes,0.0,1.0,Extrovert,0.17873380490647303,0.1017819098448573
7141,2.0,No,9.0,5.0,No,11.0,9.0,Introvert,0.853871599921209,0.13446729323525802
7152,1.0,,7.0,5.0,No,12.0,9.0,Introvert,0.9314810530038619,0.04745574491701359
7160,6.0,Yes,0.0,2.0,,4.0,2.0,Extrovert,0.21796968636083314,0.08517213621527187
7183,1.0,No,6.0,7.0,No,9.0,4.0,Introvert,0.9776425887890178,0.00043936854663334746
7228,0.0,No,10.0,5.0,No,12.0,6.0,Introvert,0.8289875398406249,0.07194830536600565
7239,0.0,No,3.0,5.0,No,6.0,9.0,Introvert,0.8924336383992157,0.049163130800969616
7339,7.0,Yes,0.0,2.0,,2.0,2.0,Extrovert,0.25428080460090624,0.11479608537095289
7348,2.0,No,5.0,3.0,No,11.0,3.0,Introvert,0.964032413728546,0.03298896353681375
7384,10.0,Yes,4.0,0.0,Yes,2.0,2.0,Extrovert,0.1862236633749331,0.11265625468792781
7455,3.0,No,,6.0,No,12.0,5.0,Introvert,0.7757642987409241,0.18963542413936527
7536,1.0,No,8.0,7.0,No,8.0,5.0,Introvert,0.9122543067321703,0.05840578106395851
7566,5.0,Yes,1.0,3.0,Yes,4.0,0.0,Extrovert,0.2681707395879946,0.1510368129896871
7571,3.0,No,7.0,5.0,No,15.0,3.0,Introvert,0.8991518316784308,0.04274069463135675
7576,2.0,No,6.0,4.0,No,7.0,5.0,Introvert,0.9660035058642903,0.03395404757414378
7696,10.0,Yes,1.0,1.0,Yes,5.0,1.0,Extrovert,0.11111987467309352,0.0730549860523856
7706,1.0,No,7.0,5.0,No,13.0,7.0,Introvert,0.9550711471095686,0.013614377531304267
7711,3.0,No,8.0,6.0,No,7.0,4.0,Introvert,0.9417601443214679,0.05794866515176107
7726,7.0,Yes,,1.0,Yes,5.0,1.0,Extrovert,0.13961719193099956,0.0977133792117522
7759,9.0,Yes,1.0,0.0,Yes,4.0,0.0,Extrovert,0.14749154845808807,0.07812268795208484
7783,6.0,Yes,,2.0,Yes,2.0,2.0,Extrovert,0.18470828532759642,0.09017174226479371
7813,3.0,No,5.0,5.0,No,11.0,4.0,Introvert,0.9713219305162809,0.014690081543465709
7829,11.0,Yes,2.0,,Yes,0.0,1.0,Extrovert,0.23953821288816202,0.1325761076919411
7859,5.0,Yes,0.0,2.0,Yes,0.0,3.0,Extrovert,0.2644991718513223,0.11868334538241365
7862,0.0,No,4.0,7.0,No,8.0,8.0,Introvert,0.9192023938332454,0.06381924169032897
7881,2.0,No,9.0,5.0,No,6.0,10.0,Introvert,0.8165400809332088,0.1678260298206109
7902,3.0,No,5.0,3.0,No,,9.0,Introvert,0.7203775176422647,0.16419541476169722
7913,1.0,No,7.0,7.0,No,11.0,9.0,Introvert,0.8858099408163508,0.07249494349820688
7931,0.0,No,5.0,7.0,No,5.0,9.0,Introvert,0.8803592104702577,0.06858529095731956
8002,0.0,No,7.0,5.0,No,13.0,8.0,Introvert,0.9384198784119748,0.02391634491039842
8056,5.0,Yes,2.0,3.0,Yes,5.0,1.0,Extrovert,0.10987779110832645,0.04766770231868683
8092,1.0,No,8.0,7.0,No,13.0,8.0,Introvert,0.9290934641404269,0.01746637906473584
8113,2.0,No,9.0,5.0,No,14.0,4.0,Introvert,0.9047192346807527,0.08005820455162985
8145,0.0,No,8.0,4.0,No,5.0,7.0,Introvert,0.8978545781682263,0.08022832857621087
8227,,Yes,2.0,2.0,Yes,4.0,0.0,Extrovert,0.25130083220845245,0.11172550273199165
8276,,No,6.0,5.0,No,12.0,6.0,Introvert,0.8547995005501656,0.08570576350757335
8284,7.0,Yes,3.0,3.0,Yes,2.0,3.0,Extrovert,0.13215097355418376,0.0845980217041393
8291,10.0,Yes,0.0,2.0,Yes,3.0,,Extrovert,0.25546150378781646,0.15482021115837016
8318,1.0,,5.0,4.0,No,11.0,3.0,Introvert,0.8728216945126744,0.15117618237908886
8350,0.0,No,6.0,6.0,No,7.0,6.0,Introvert,0.9791240471127537,0.00537228842057193
8377,3.0,No,5.0,3.0,No,9.0,8.0,Introvert,0.8854525286511953,0.13085755896245377
8440,9.0,Yes,2.0,2.0,Yes,4.0,0.0,Extrovert,0.24381954733483466,0.15765811098959456
8501,1.0,No,6.0,,No,10.0,9.0,Introvert,0.9134488392637518,0.0726970046817781
8578,1.0,No,8.0,6.0,No,8.0,10.0,Introvert,0.8789725315754108,0.10222483400938592
8608,5.0,No,7.0,3.0,No,10.0,5.0,Introvert,0.6680205440524928,0.11264493825648915
8659,2.0,No,7.0,6.0,No,11.0,4.0,Introvert,0.9265369172331487,0.07229791090802012
8688,8.0,Yes,2.0,0.0,Yes,3.0,3.0,Extrovert,0.21103470288682438,0.11801012122165304
8760,10.0,Yes,2.0,0.0,Yes,3.0,,Extrovert,0.2272405319486386,0.1492527140695175
8803,4.0,Yes,2.0,0.0,,2.0,1.0,Extrovert,0.16474029270758664,0.1185957436821905
8842,0.0,No,6.0,3.0,No,5.0,3.0,Introvert,0.9523778402263927,0.039265729986111726
8847,3.0,No,8.0,4.0,No,,8.0,Introvert,0.8818244203171145,0.11620825004767807
8859,4.0,No,9.0,7.0,No,9.0,6.0,Introvert,0.7776244176991757,0.07464106214367912
8923,0.0,,9.0,6.0,No,11.0,5.0,Introvert,0.9442107578790789,0.037100351474393646
9012,1.0,No,4.0,6.0,No,4.0,4.0,Introvert,0.9428642033276787,0.03396780607818098
9025,0.0,No,3.0,5.0,No,14.0,9.0,Introvert,0.7468157828672256,0.09533014986846082
9040,4.0,Yes,1.0,3.0,Yes,5.0,0.0,Extrovert,0.19546639472338545,0.08780550248729264
9157,7.0,Yes,3.0,,Yes,1.0,0.0,Extrovert,0.1234614472693618,0.1127650561302456
9178,3.0,No,6.0,5.0,No,9.0,6.0,Introvert,0.9799411351752109,0.00741275334657848
9317,10.0,Yes,3.0,1.0,,4.0,1.0,Extrovert,0.11393822829168114,0.10853351659644958
9410,1.0,No,8.0,5.0,No,15.0,4.0,Introvert,0.91390726499221,0.04370573923877238
9501,6.0,Yes,2.0,2.0,Yes,,2.0,Extrovert,0.18308528432287172,0.11483198577342077
9578,5.0,Yes,2.0,2.0,Yes,5.0,3.0,Extrovert,0.19285610421202545,0.10046870997436583
9601,3.0,,6.0,7.0,No,8.0,6.0,Introvert,0.9023172537524872,0.08246031426094211
9716,1.0,No,3.0,7.0,No,11.0,7.0,Introvert,0.8664050544283016,0.08698012257662374
9738,1.0,No,6.0,5.0,No,11.0,,Introvert,0.8728332718352947,0.12869656692430517
9750,6.0,Yes,0.0,3.0,Yes,3.0,0.0,Extrovert,0.1523580785691088,0.09330062373082136
9818,3.0,,4.0,4.0,No,15.0,7.0,Introvert,0.7720808983680211,0.12437970250803522
9894,0.0,No,3.0,6.0,No,10.0,7.0,Introvert,0.8453564732809694,0.09181844748781295
10004,6.0,,2.0,0.0,Yes,4.0,1.0,Extrovert,0.1532243021396811,0.11144994896700658
10027,9.0,Yes,1.0,0.0,Yes,3.0,2.0,Extrovert,0.15717172417098949,0.07166726508232313
10120,0.0,No,3.0,7.0,No,7.0,4.0,Introvert,0.8459194503019023,0.053974121792251445
10149,8.0,Yes,1.0,2.0,,1.0,2.0,Extrovert,0.07231538834402533,0.03081137284671548
10164,2.0,No,10.0,5.0,No,9.0,5.0,Introvert,0.9093408182658065,0.05579230414603912
10169,0.0,No,6.0,5.0,No,14.0,8.0,Introvert,0.8790467016069766,0.07110197342949365
10254,3.0,No,8.0,7.0,No,12.0,7.0,Introvert,0.9114262453261789,0.06482366775355997
10331,2.0,No,8.0,7.0,No,,6.0,Introvert,0.8286431698486793,0.1403659397777496
10374,11.0,Yes,0.0,0.0,Yes,,1.0,Extrovert,0.23880377531154387,0.10388061670388848
10427,1.0,No,6.0,5.0,No,15.0,7.0,Introvert,0.8390264118344691,0.059688993586722604
10474,6.0,Yes,0.0,2.0,Yes,8.0,3.0,Extrovert,0.4065770709735996,0.0885723840290366
10479,3.0,No,3.0,6.0,No,10.0,3.0,Introvert,0.8315820853478674,0.09512174193274535
10480,1.0,No,7.0,4.0,No,6.0,7.0,Introvert,0.9561368515636645,0.03259010414239641
10482,2.0,No,,4.0,No,10.0,8.0,Introvert,0.8508244300729803,0.1484382075302531
10497,,No,7.0,5.0,No,10.0,6.0,Introvert,0.7235626719895286,0.14535453298166587
10510,7.0,,3.0,2.0,Yes,5.0,0.0,Extrovert,0.12552780920597809,0.05833993888425394
10642,1.0,No,9.0,5.0,No,8.0,,Introvert,0.8942046995338123,0.0860524657707375
10669,1.0,No,4.0,4.0,No,6.0,4.0,Introvert,0.9794936490763851,0.016598698143997958
10752,8.0,Yes,2.0,,Yes,2.0,1.0,Extrovert,0.09715622324953976,0.06252697801573066
10756,9.0,Yes,,0.0,Yes,1.0,2.0,Extrovert,0.20848761186360118,0.1310182026214146
10761,9.0,Yes,2.0,0.0,Yes,1.0,3.0,Extrovert,0.23094522715387575,0.09016679968314502
10801,8.0,Yes,2.0,1.0,Yes,2.0,,Extrovert,0.17712187005356225,0.15117461011770755
10834,8.0,Yes,2.0,2.0,Yes,0.0,1.0,Extrovert,0.2701682351098079,0.16443360787749386
10854,9.0,,0.0,2.0,Yes,2.0,2.0,Extrovert,0.1482209236798176,0.06286061132737457
10882,7.0,Yes,0.0,1.0,Yes,5.0,0.0,Extrovert,0.16462523955479783,0.08569152109251893
10888,11.0,Yes,1.0,3.0,Yes,5.0,2.0,Extrovert,0.2943258913841064,0.07813939636655173
11006,0.0,No,4.0,6.0,No,10.0,5.0,Introvert,0.9471873209747578,0.02470701644987595
11044,3.0,No,3.0,6.0,No,7.0,3.0,Introvert,0.8549629805520796,0.10342253252566934
11046,11.0,Yes,2.0,0.0,,3.0,2.0,Extrovert,0.2556809937145339,0.1286178837255018
11081,7.0,Yes,3.0,2.0,Yes,0.0,1.0,Extrovert,0.2388731407801574,0.13886111606328297
11247,2.0,No,7.0,3.0,No,7.0,9.0,Introvert,0.9398635738876293,0.06224168129036874
11255,0.0,,5.0,5.0,No,14.0,7.0,Introvert,0.8596017210749093,0.08024142272786505
11259,0.0,No,3.0,3.0,No,12.0,5.0,Introvert,0.8788271632965463,0.12993154608709048
11360,,No,8.0,7.0,No,10.0,6.0,Introvert,0.697758504486008,0.1046082381900672
11456,1.0,No,8.0,7.0,No,14.0,5.0,Introvert,0.8982245753245577,0.08166415707173501
11467,9.0,Yes,,2.0,Yes,3.0,2.0,Extrovert,0.1872594936260208,0.08421261583497176
11472,5.0,Yes,1.0,2.0,Yes,3.0,0.0,Extrovert,0.1154424144372857,0.058094402177398446
11545,5.0,Yes,1.0,0.0,Yes,0.0,2.0,Extrovert,0.1778035925297092,0.1307484672214129
11546,8.0,Yes,0.0,0.0,Yes,1.0,,Extrovert,0.22250746761913512,0.13134928342528301
11557,9.0,Yes,1.0,,Yes,3.0,1.0,Extrovert,0.1636047795110823,0.138297830902782
11608,7.0,,2.0,2.0,Yes,1.0,1.0,Extrovert,0.07624552522601395,0.033335712076213254
11615,4.0,No,8.0,6.0,No,10.0,7.0,Introvert,0.8615474091014844,0.059612076776846615
11625,9.0,Yes,3.0,1.0,Yes,1.0,2.0,Extrovert,0.1307892910318698,0.06808498911993564
11627,4.0,Yes,2.0,2.0,Yes,3.0,5.0,Extrovert,0.37811983629336693,0.08720491717274352
11715,2.0,No,7.0,6.0,No,7.0,9.0,Introvert,0.9309032285686003,0.05666706457145042
11781,,No,7.0,5.0,No,8.0,7.0,Introvert,0.928189232771623,0.036221682320599365
11847,0.0,No,7.0,5.0,No,10.0,3.0,Introvert,0.9397931769619828,0.049785438967548674
11936,2.0,,9.0,5.0,No,6.0,9.0,Introvert,0.7867034821922071,0.20367308708992374
11937,10.0,,2.0,2.0,Yes,2.0,2.0,Extrovert,0.17828020657433566,0.12776602966928036
11961,0.0,,6.0,5.0,No,10.0,6.0,Introvert,0.9232037645943857,0.04713780905150702
11962,5.0,Yes,1.0,2.0,Yes,2.0,2.0,Extrovert,0.1543848687276633,0.05902516885086676
11981,0.0,No,7.0,5.0,,14.0,5.0,Introvert,0.8202641625007017,0.09415136884231641
12061,4.0,Yes,0.0,1.0,Yes,3.0,2.0,Extrovert,0.13188292266479132,0.061881256194228317
12105,5.0,Yes,2.0,1.0,Yes,4.0,1.0,Extrovert,0.08847288594458085,0.051759351537463395
12170,1.0,No,3.0,6.0,No,5.0,7.0,Introvert,0.9207372224535253,0.0433185062884959
12283,,No,6.0,5.0,No,14.0,7.0,Introvert,0.8169539016240246,0.10325800464261432
12288,3.0,,8.0,6.0,No,12.0,7.0,Introvert,0.9311173632424287,0.07160445344340012
12372,7.0,Yes,1.0,3.0,Yes,4.0,2.0,Extrovert,0.1962076759702777,0.05391079388859353
12382,6.0,,2.0,1.0,Yes,3.0,1.0,Extrovert,0.16216303511659,0.15512791395857836
12385,9.0,Yes,2.0,3.0,Yes,3.0,0.0,Extrovert,0.16994995690821021,0.10268248849105158
12412,8.0,Yes,0.0,3.0,Yes,3.0,3.0,Extrovert,0.21519976722413214,0.11339446121750331
12428,0.0,No,5.0,5.0,No,12.0,4.0,Introvert,0.938206487490549,0.040097686641426954
12439,8.0,Yes,0.0,1.0,Yes,1.0,3.0,Extrovert,0.2248730463176726,0.09113096245211111
12472,1.0,No,9.0,6.0,No,10.0,6.0,Introvert,0.9363443264052567,0.01884122114948167
12483,10.0,Yes,2.0,0.0,Yes,1.0,3.0,Extrovert,0.21983086179438174,0.09599880682454907
12491,8.0,Yes,3.0,1.0,Yes,5.0,3.0,Extrovert,0.1208420058408363,0.08099476628339447
12555,4.0,Yes,3.0,0.0,Yes,3.0,3.0,Extrovert,0.22022683321345385,0.13798070423069916
12607,2.0,No,5.0,,No,6.0,8.0,Introvert,0.8148826353855446,0.18098428417247972
12635,2.0,No,7.0,6.0,No,5.0,8.0,Introvert,0.9390636909602875,0.039280758355629955
12666,3.0,No,9.0,6.0,No,4.0,9.0,Introvert,0.853533120687859,0.10676668260784523
12788,6.0,Yes,1.0,3.0,Yes,5.0,2.0,Extrovert,0.21812738874822882,0.1077838364734569
12811,0.0,No,7.0,7.0,No,15.0,7.0,Introvert,0.8322256517367584,0.08076381602203209
12869,0.0,No,5.0,6.0,No,5.0,7.0,Introvert,0.9034609854319666,0.0604019012824113
12880,9.0,Yes,0.0,2.0,Yes,2.0,2.0,Extrovert,0.29251331258488217,0.09635568003233887
12901,0.0,No,4.0,5.0,No,4.0,9.0,Introvert,0.9151116564846177,0.0411444658767945
12907,10.0,Yes,0.0,1.0,Yes,1.0,0.0,Extrovert,0.12429553217200458,0.04420436461197504
12912,4.0,No,9.0,5.0,No,12.0,8.0,Introvert,0.8031911177414992,0.15095731379074856
12942,0.0,No,9.0,7.0,No,8.0,4.0,Introvert,0.9317166143852912,0.05210611164184594
12983,,No,6.0,6.0,No,7.0,6.0,Introvert,0.7735694686853378,0.17256223428583703
13033,9.0,Yes,2.0,2.0,Yes,4.0,3.0,Extrovert,0.245128979231402,0.06847478471472253
13041,2.0,No,5.0,6.0,No,15.0,4.0,Introvert,0.8285387964391107,0.11286648684651668
13126,2.0,No,6.0,7.0,No,14.0,3.0,Introvert,0.9309452630936822,0.04879600079105212
13158,4.0,No,5.0,7.0,No,13.0,7.0,Introvert,0.7667553580666046,0.1707709200817984
13225,11.0,Yes,0.0,0.0,Yes,0.0,2.0,Extrovert,0.30672931640205087,0.09361068796823833
13269,4.0,Yes,1.0,2.0,Yes,0.0,0.0,Extrovert,0.15116795592739438,0.09987215665223123
13344,11.0,Yes,1.0,2.0,Yes,3.0,0.0,Extrovert,0.2487857508510544,0.12114966953198962
13395,11.0,Yes,1.0,0.0,Yes,0.0,2.0,Extrovert,0.2707398942582575,0.060022505591594076
13447,4.0,Yes,3.0,0.0,Yes,4.0,0.0,Extrovert,0.10978647552712618,0.05145814950982946
13460,4.0,No,6.0,6.0,No,7.0,6.0,Introvert,0.8468924575115038,0.12894270948781955
13477,0.0,No,8.0,7.0,No,10.0,9.0,Introvert,0.9355941957367291,0.016526467122780737
13491,0.0,No,4.0,6.0,No,12.0,7.0,Introvert,0.9013993665390339,0.08268767358915081
13508,2.0,No,7.0,7.0,No,11.0,8.0,Introvert,0.875276819824331,0.10663384822725343
13521,3.0,,4.0,6.0,No,11.0,4.0,Introvert,0.8754043298257038,0.12034499721907721
13551,2.0,No,6.0,5.0,No,14.0,4.0,Introvert,0.8683787162928054,0.11787666731011473
13577,,No,5.0,7.0,No,14.0,3.0,Introvert,0.8160534282616959,0.1382517780854404
13599,,No,6.0,3.0,No,8.0,6.0,Introvert,0.8693566899302893,0.12238607468342247
13620,9.0,,3.0,2.0,Yes,5.0,0.0,Extrovert,0.2625641304120892,0.15378117288796855
13727,6.0,Yes,2.0,2.0,Yes,1.0,2.0,Extrovert,0.19725041257704468,0.07820832267411366
13792,0.0,No,6.0,4.0,No,10.0,3.0,Introvert,0.9543308579077223,0.04080894301788248
13799,5.0,Yes,2.0,2.0,Yes,5.0,0.0,Extrovert,0.10773318748240084,0.055756074052910685
13897,6.0,Yes,3.0,1.0,Yes,2.0,0.0,Extrovert,0.07002349168570161,0.05773836254970935
13927,,No,5.0,6.0,No,4.0,6.0,Introvert,0.802611918489338,0.1417213138332634
13950,3.0,Yes,1.0,2.0,Yes,4.0,1.0,Extrovert,0.31877276423059825,0.07648851847941665
14083,0.0,,7.0,4.0,No,7.0,8.0,Introvert,0.9101374715426309,0.08154758950069323
14121,3.0,No,3.0,6.0,No,14.0,9.0,Introvert,0.7679776656015534,0.1193293962084745
14188,11.0,Yes,2.0,2.0,Yes,1.0,1.0,Extrovert,0.08964409976241484,0.03955961442794844
14205,1.0,,8.0,5.0,No,14.0,6.0,Introvert,0.9053008210435262,0.08664343759732228
14256,10.0,Yes,0.0,2.0,Yes,3.0,2.0,Extrovert,0.1417676481779784,0.019286871753307285
14296,5.0,Yes,2.0,0.0,Yes,0.0,1.0,Extrovert,0.18478157864113173,0.10881660092172778
14378,0.0,No,5.0,4.0,No,14.0,6.0,Introvert,0.8815974257747996,0.10674380182885819
14415,7.0,Yes,3.0,2.0,Yes,,2.0,Extrovert,0.21227315853330297,0.0748778903796235
14503,0.0,No,5.0,,No,14.0,7.0,Introvert,0.7692116015548338,0.1815027607480936
14530,6.0,Yes,0.0,1.0,Yes,4.0,3.0,Extrovert,0.20278065586072405,0.07293405715967373
14729,9.0,Yes,3.0,2.0,Yes,2.0,0.0,Extrovert,0.1001880319171703,0.029701690585834124
14795,0.0,No,8.0,4.0,No,14.0,6.0,Introvert,0.9244864669587969,0.06417662137117143
14813,9.0,Yes,0.0,0.0,Yes,4.0,2.0,Extrovert,0.16476111618184344,0.07514829026344716
14837,8.0,Yes,2.0,1.0,,2.0,2.0,Extrovert,0.0668299578646389,0.04167198713863661
14847,2.0,No,9.0,6.0,No,15.0,7.0,Introvert,0.9455560474955439,0.04440906251463149
14954,10.0,Yes,3.0,2.0,Yes,2.0,3.0,Extrovert,0.19069067591155295,0.1124626825004639
15072,2.0,No,8.0,,No,8.0,6.0,Introvert,0.9181317140936461,0.07511625799834899
15115,3.0,No,8.0,7.0,No,6.0,4.0,Introvert,0.8602158722962493,0.11060161913017008
15119,2.0,No,8.0,7.0,No,7.0,10.0,Introvert,0.7685982316919561,0.17350632551180495
15129,,Yes,3.0,1.0,Yes,3.0,2.0,Extrovert,0.1182715766904922,0.08903267661090937
15149,0.0,,4.0,6.0,No,7.0,5.0,Introvert,0.8479933026551406,0.1708565779296273
15228,4.0,Yes,0.0,0.0,Yes,5.0,2.0,Extrovert,0.18464356191781364,0.09553742692220787
15255,1.0,No,8.0,6.0,No,10.0,10.0,Introvert,0.8065022815533306,0.10565434256127415
15355,6.0,Yes,0.0,3.0,Yes,4.0,1.0,Extrovert,0.16026035497556693,0.06378864800055424
15370,,No,6.0,7.0,No,12.0,7.0,Introvert,0.7910229211637523,0.12853307377675025
15395,4.0,No,7.0,7.0,No,4.0,7.0,Introvert,0.6045489611207356,0.07706188504396623
15540,7.0,Yes,3.0,0.0,Yes,,0.0,Extrovert,0.25006155041077754,0.14167734060048284
15568,7.0,Yes,1.0,1.0,Yes,0.0,,Extrovert,0.21355807461251683,0.16062574561153922
15589,2.0,No,5.0,5.0,No,15.0,9.0,Introvert,0.7847398992291131,0.07488370228295113
15648,11.0,Yes,1.0,3.0,Yes,2.0,2.0,Extrovert,0.2442451018431486,0.06832748457128382
15678,1.0,,6.0,5.0,No,5.0,9.0,Introvert,0.9052669044990508,0.042276318346434145
15683,0.0,No,6.0,6.0,No,13.0,7.0,Introvert,0.9345012958276809,0.019843498716338646
15709,10.0,Yes,,1.0,Yes,2.0,1.0,Extrovert,0.06452913125400526,0.02709411289164151
15743,2.0,No,6.0,7.0,No,5.0,5.0,Introvert,0.8995975706450953,0.0637822116509936
15908,10.0,Yes,1.0,,Yes,1.0,2.0,Extrovert,0.13106938728117032,0.07436885284319035
15960,4.0,No,9.0,6.0,No,10.0,7.0,Introvert,0.7888034142388122,0.12519685133628589
15972,1.0,No,6.0,4.0,No,15.0,,Introvert,0.6754900914888654,0.13595236440695369
16145,2.0,No,6.0,7.0,No,11.0,9.0,Introvert,0.8583762191208818,0.1399302126703231
16188,3.0,No,5.0,7.0,No,5.0,8.0,Introvert,0.8589956675562679,0.12443176177567465
16204,4.0,Yes,3.0,2.0,Yes,,1.0,Extrovert,0.14604011909336687,0.056468680134387224
16244,3.0,,6.0,5.0,No,12.0,3.0,Introvert,0.9440258151470515,0.03604039897626338
16275,0.0,,5.0,4.0,No,15.0,4.0,Introvert,0.6804333063935214,0.10986285387971799
16371,3.0,No,5.0,7.0,No,6.0,7.0,Introvert,0.8957474300622632,0.08193855672439972
16400,,No,8.0,,No,12.0,9.0,Introvert,0.7131702406427771,0.10692350059066805
16434,4.0,Yes,1.0,1.0,Yes,5.0,2.0,Extrovert,0.08342457037307034,0.027548532269705044
16473,4.0,Yes,0.0,2.0,Yes,2.0,3.0,Extrovert,0.25338292979673044,0.10276204284957603
16567,0.0,No,9.0,6.0,No,13.0,9.0,Introvert,0.9251119276272219,0.041042450391523905
16638,0.0,No,9.0,7.0,No,13.0,5.0,Introvert,0.7986456986510464,0.12663812372158323
16643,8.0,,3.0,2.0,Yes,4.0,0.0,Extrovert,0.23716173288931378,0.15960719414039742
16801,0.0,No,10.0,5.0,No,9.0,9.0,Introvert,0.8632837899237318,0.09792592872835948
16847,0.0,No,9.0,5.0,No,12.0,3.0,Introvert,0.8894897325772364,0.09956017784819858
16848,1.0,No,,4.0,No,9.0,3.0,Introvert,0.8591255858362613,0.1684047695602771
16854,1.0,No,7.0,5.0,No,8.0,7.0,Introvert,0.9412505830929364,0.043670703681483056
16953,1.0,No,9.0,7.0,No,12.0,8.0,Introvert,0.8214389855631347,0.08964651585595605
16976,1.0,No,6.0,4.0,,13.0,5.0,Introvert,0.8094442105592776,0.1256741952886191
17013,10.0,Yes,3.0,,Yes,5.0,1.0,Extrovert,0.14711143527899348,0.11935543669534367
17091,3.0,No,4.0,3.0,No,8.0,7.0,Introvert,0.9503924185477338,0.056370614023057014
17143,10.0,,2.0,0.0,Yes,5.0,2.0,Extrovert,0.13797380766647366,0.08174915783506717
17369,0.0,No,6.0,5.0,,8.0,8.0,Introvert,0.8990156479576332,0.0895420406373034
17454,5.0,Yes,0.0,3.0,Yes,4.0,2.0,Extrovert,0.15921166309674764,0.020541861717659583
17641,9.0,Yes,3.0,1.0,Yes,5.0,2.0,Extrovert,0.10700599048937158,0.07216781271673862
17678,10.0,Yes,2.0,3.0,Yes,0.0,2.0,Extrovert,0.13153812710497534,0.0508212918645149
17734,0.0,No,9.0,4.0,No,9.0,6.0,Introvert,0.9457614618780381,0.035292489926483844
17750,9.0,Yes,1.0,1.0,Yes,5.0,3.0,Extrovert,0.12713631606526854,0.07370001160683805
17816,2.0,No,7.0,7.0,No,5.0,9.0,Introvert,0.8102442803388107,0.09321286269381707
17989,3.0,No,6.0,6.0,No,12.0,8.0,Introvert,0.9761406601837309,0.009603227663318845
17992,,No,7.0,4.0,No,11.0,3.0,Introvert,0.8212008827011301,0.17795347201215325
18148,6.0,Yes,1.0,3.0,Yes,3.0,3.0,Extrovert,0.14314279543649455,0.05405669887500193
18276,0.0,No,9.0,5.0,No,10.0,9.0,Introvert,0.8088221684600326,0.13021777610743576
18312,0.0,No,5.0,6.0,No,15.0,9.0,Introvert,0.8109470777489963,0.0814283244160653
18317,11.0,,0.0,0.0,Yes,2.0,0.0,Extrovert,0.22799166245114474,0.08686424713859683
18337,5.0,Yes,3.0,,,4.0,2.0,Extrovert,0.20680607677434135,0.13720969876393393
18437,11.0,Yes,0.0,2.0,Yes,0.0,3.0,Extrovert,0.37095074964808167,0.0383049642649387
18443,,No,7.0,4.0,No,9.0,4.0,Introvert,0.9176296727734101,0.08466823203690925
18486,3.0,No,5.0,3.0,No,6.0,8.0,Introvert,0.8629934113343075,0.162277620305548
