id,Time_spent_Alone,Social_event_attendance,Going_outside,Friends_circle_size,Post_frequency,Stage_fear,Drained_after_socializing,Personality,ambiguity_score,null_count,cluster,composite_ambiguity,in_original_450
9067,3.0,4.0,5.0,7.0,9.0,,,Extrovert,0.33333333333333215,2,7,3.4,1
4086,1.0,4.0,6.0,,,0.0,0.0,Extrovert,1.704647154322707,2,10,2.8,1
2694,2.0,4.0,7.0,4.0,6.0,0.0,0.0,Introvert,2.3333333333333286,0,10,2.8,1
10120,0.0,3.0,7.0,7.0,4.0,0.0,0.0,Introvert,2.3333333333333357,0,10,2.8,1
10089,3.0,9.0,5.0,6.0,6.0,,,Extrovert,3.0,2,14,2.8,1
4223,2.0,4.0,6.0,8.0,5.0,0.0,0.0,Introvert,3.666666666666668,0,10,2.8,1
7012,3.0,4.0,4.0,14.0,6.0,,,Extrovert,3.6666666666666643,2,14,2.8,1
11340,7.0,5.0,6.0,10.0,10.0,0.0,0.0,Introvert,0.33333333333333215,0,9,2.5,0
14687,5.0,9.0,3.0,13.0,6.0,0.0,0.0,Introvert,0.3333333333333357,0,11,2.5,0
5908,6.0,10.0,6.0,9.0,3.0,0.0,0.0,Introvert,3.0,0,13,2.5,0
10243,5.0,8.0,5.0,15.0,3.0,0.0,0.0,Introvert,3.0,0,13,2.5,0
17621,4.0,7.0,7.0,15.0,4.0,0.0,0.0,Introvert,3.0,0,13,2.5,0
124,4.0,7.0,6.0,11.0,3.0,0.0,0.0,Introvert,3.6666666666666643,0,13,2.5,0
2004,4.0,9.0,4.0,13.0,6.0,0.0,0.0,Introvert,3.6666666666666643,0,11,2.5,0
13158,4.0,5.0,7.0,13.0,7.0,0.0,0.0,Introvert,3.6666666666666643,0,9,2.5,0
369,,5.0,6.0,11.0,6.0,,0.0,Extrovert,0.057805469020422606,2,7,2.4,0
6545,3.0,4.0,7.0,,7.0,,0.0,Extrovert,0.3311581759206277,2,7,2.4,0
2148,2.0,4.0,,14.0,7.0,,0.0,Extrovert,0.42197209520459467,2,7,2.4,0
6081,,5.0,5.0,12.0,7.0,,0.0,Extrovert,0.7244721356870869,2,7,2.4,0
14062,3.0,5.0,,9.0,9.0,,0.0,Extrovert,1.088638761871266,2,7,2.4,0
2839,,4.0,5.0,15.0,6.0,,0.0,Extrovert,1.275527864312913,2,7,2.4,0
8711,2.0,,5.0,12.0,6.0,,0.0,Extrovert,1.5302121771217685,2,7,2.4,0
12928,0.0,4.0,3.0,,7.0,,0.0,Extrovert,1.6688418240793723,2,7,2.4,0
17385,4.0,7.0,4.0,,7.0,,0.0,Extrovert,1.6688418240793723,2,7,2.4,0
14606,,8.0,3.0,12.0,7.0,,0.0,Extrovert,2.724472135687087,2,7,2.4,0
14239,2.0,,5.0,8.0,8.0,,0.0,Extrovert,2.863545510455104,2,7,2.4,0
17072,1.0,,4.0,8.0,8.0,,0.0,Extrovert,2.863545510455104,2,7,2.4,0
7140,,5.0,6.0,13.0,7.0,,0.0,Extrovert,3.391138802353751,2,7,2.4,0
11992,,8.0,4.0,11.0,7.0,,0.0,Extrovert,4.057805469020423,2,7,2.4,0
4584,0.0,,5.0,4.0,8.0,,0.0,Extrovert,4.19687884378844,2,7,2.4,0
6442,3.0,,5.0,7.0,10.0,,0.0,Extrovert,4.19687884378844,2,7,2.4,0
13035,3.0,,4.0,13.0,9.0,,0.0,Extrovert,4.19687884378844,2,7,2.4,0
12860,3.0,7.0,,,9.0,,0.0,Extrovert,4.419796937791887,3,7,2.4,0
629,3.0,8.0,,11.0,7.0,,0.0,Extrovert,4.421972095204595,2,7,2.4,0
17683,4.0,5.0,5.0,10.0,9.0,,0.0,Extrovert,1.6666666666666679,1,7,2.3,0
2108,1.0,4.0,6.0,8.0,6.0,0.0,0.0,Extrovert,0.3333333333333357,0,10,2.0,1
2488,1.0,4.0,7.0,8.0,5.0,0.0,0.0,Extrovert,0.3333333333333357,0,10,2.0,1
3613,2.0,4.0,7.0,7.0,6.0,0.0,0.0,Extrovert,0.3333333333333357,0,10,2.0,1
4854,1.0,4.0,6.0,7.0,6.0,0.0,0.0,Extrovert,0.3333333333333357,0,10,2.0,1
8245,0.0,4.0,5.0,7.0,6.0,0.0,0.0,Extrovert,0.3333333333333357,0,10,2.0,1
8526,1.0,4.0,7.0,7.0,5.0,0.0,0.0,Extrovert,0.3333333333333357,0,10,2.0,1
9542,0.0,4.0,5.0,8.0,6.0,0.0,0.0,Extrovert,0.3333333333333357,0,10,2.0,1
10147,0.0,4.0,6.0,8.0,5.0,0.0,0.0,Extrovert,0.3333333333333357,0,10,2.0,1
11053,1.0,3.0,7.0,7.0,6.0,0.0,0.0,Extrovert,0.3333333333333357,0,10,2.0,1
5812,0.0,4.0,6.0,7.0,,0.0,0.0,Extrovert,0.36913866357667047,1,10,2.0,1
1283,1.0,4.0,7.0,6.0,5.0,0.0,0.0,Extrovert,1.0,0,10,2.0,1
1317,0.0,3.0,7.0,6.0,6.0,0.0,0.0,Extrovert,1.0,0,10,2.0,1
10229,0.0,4.0,5.0,6.0,6.0,0.0,0.0,Extrovert,1.0,0,10,2.0,1
2277,0.0,4.0,,8.0,6.0,0.0,0.0,Extrovert,1.5780279047954053,1,0,2.0,1
116,1.0,4.0,5.0,8.0,6.0,0.0,0.0,Extrovert,1.6666666666666679,0,10,2.0,1
154,2.0,4.0,7.0,5.0,6.0,0.0,0.0,Extrovert,1.6666666666666714,0,10,2.0,1
1426,0.0,3.0,5.0,8.0,6.0,0.0,0.0,Extrovert,1.6666666666666679,0,10,2.0,1
3703,2.0,4.0,7.0,8.0,5.0,0.0,0.0,Extrovert,1.6666666666666643,0,10,2.0,1
4846,0.0,4.0,6.0,8.0,4.0,0.0,0.0,Extrovert,1.6666666666666643,0,10,2.0,1
5088,0.0,4.0,6.0,7.0,6.0,0.0,0.0,Extrovert,1.6666666666666643,0,10,2.0,1
5166,0.0,3.0,7.0,8.0,4.0,0.0,0.0,Extrovert,1.6666666666666643,0,10,2.0,1
5484,0.0,4.0,5.0,8.0,5.0,0.0,0.0,Extrovert,1.6666666666666643,0,10,2.0,1
6672,0.0,4.0,7.0,7.0,5.0,0.0,0.0,Extrovert,1.6666666666666643,0,10,2.0,1
8131,1.0,4.0,7.0,5.0,5.0,0.0,0.0,Extrovert,1.6666666666666679,0,10,2.0,1
8972,3.0,4.0,7.0,8.0,6.0,0.0,0.0,Extrovert,1.6666666666666679,0,10,2.0,1
9579,1.0,3.0,6.0,8.0,6.0,0.0,0.0,Extrovert,1.6666666666666679,0,10,2.0,1
10673,1.0,4.0,6.0,5.0,6.0,0.0,0.0,Extrovert,1.6666666666666714,0,10,2.0,1
11726,0.0,3.0,6.0,5.0,6.0,0.0,0.0,Extrovert,1.6666666666666714,0,10,2.0,1
1722,3.0,4.0,7.0,,6.0,0.0,0.0,Extrovert,1.6688418240793723,1,10,2.0,1
2190,2.0,4.0,6.0,,6.0,0.0,0.0,Extrovert,1.6688418240793723,1,10,2.0,1
4308,0.0,4.0,4.0,,6.0,0.0,0.0,Extrovert,1.6688418240793723,1,0,2.0,1
5410,0.0,4.0,7.0,,3.0,0.0,0.0,Extrovert,1.6688418240793723,1,10,2.0,1
6252,0.0,4.0,5.0,,5.0,0.0,0.0,Extrovert,1.6688418240793723,1,10,2.0,1
7077,0.0,4.0,6.0,,4.0,0.0,0.0,Extrovert,1.6688418240793723,1,10,2.0,1
11083,1.0,4.0,6.0,,5.0,0.0,0.0,Extrovert,1.6688418240793723,1,10,2.0,1
5431,1.0,4.0,6.0,8.0,,0.0,0.0,Extrovert,1.702471996909999,1,10,2.0,1
10088,2.0,4.0,7.0,8.0,,0.0,0.0,Extrovert,1.702471996909999,1,10,2.0,1
3432,0.0,4.0,,7.0,6.0,0.0,0.0,Extrovert,2.2446945714620696,1,0,2.0,1
2353,0.0,4.0,7.0,8.0,,0.0,0.0,Extrovert,2.297528003090001,1,10,2.0,1
4436,0.0,4.0,6.0,,6.0,0.0,0.0,Extrovert,2.3311581759206277,1,10,2.0,1
437,0.0,4.0,4.0,7.0,6.0,0.0,0.0,Extrovert,2.333333333333332,0,0,2.0,1
1521,2.0,4.0,6.0,7.0,6.0,0.0,0.0,Extrovert,2.333333333333332,0,10,2.0,1
7782,0.0,4.0,7.0,4.0,4.0,0.0,0.0,Extrovert,2.333333333333332,0,10,2.0,1
9606,3.0,4.0,7.0,7.0,6.0,0.0,0.0,Extrovert,2.333333333333332,0,10,2.0,1
9911,0.0,4.0,6.0,4.0,5.0,0.0,0.0,Extrovert,2.333333333333332,0,10,2.0,1
1161,0.0,4.0,6.0,7.0,4.0,0.0,0.0,Extrovert,2.3333333333333357,0,10,2.0,1
6236,0.0,4.0,5.0,7.0,5.0,0.0,0.0,Extrovert,2.3333333333333357,0,10,2.0,1
6439,0.0,4.0,7.0,8.0,5.0,0.0,0.0,Extrovert,2.3333333333333357,0,10,2.0,1
8161,2.0,4.0,7.0,7.0,5.0,0.0,0.0,Extrovert,2.3333333333333357,0,10,2.0,1
9663,0.0,4.0,6.0,8.0,6.0,0.0,0.0,Extrovert,2.3333333333333357,0,10,2.0,1
9883,1.0,4.0,7.0,7.0,4.0,0.0,0.0,Extrovert,2.3333333333333357,0,10,2.0,1
4645,0.0,4.0,5.0,7.0,,0.0,0.0,Extrovert,2.3691386635766705,1,10,2.0,1
9870,1.0,4.0,6.0,7.0,,0.0,0.0,Extrovert,2.3691386635766705,1,10,2.0,1
11588,0.0,3.0,7.0,4.0,,0.0,0.0,Extrovert,2.369138663576667,1,10,2.0,1
893,1.0,4.0,7.0,6.0,4.0,0.0,0.0,Extrovert,3.0,0,10,2.0,1
2027,2.0,4.0,6.0,6.0,6.0,0.0,0.0,Extrovert,3.0,0,10,2.0,1
3275,0.0,4.0,4.0,6.0,6.0,0.0,0.0,Extrovert,3.0,0,0,2.0,1
5609,0.0,3.0,7.0,6.0,4.0,0.0,0.0,Extrovert,3.0,0,10,2.0,1
6328,1.0,3.0,6.0,6.0,6.0,0.0,0.0,Extrovert,3.0,0,10,2.0,1
10996,0.0,3.0,5.0,9.0,5.0,1.0,0.0,Extrovert,3.0,0,10,2.0,1
11600,1.0,3.0,7.0,6.0,5.0,0.0,0.0,Extrovert,3.0,0,10,2.0,1
3428,1.0,4.0,6.0,6.0,,0.0,0.0,Extrovert,3.0358053302433348,1,10,2.0,1
10867,0.0,4.0,5.0,6.0,,0.0,0.0,Extrovert,3.0358053302433348,1,10,2.0,1
414,1.0,4.0,5.0,5.0,6.0,0.0,0.0,Extrovert,3.6666666666666714,0,10,2.0,1
3341,0.0,4.0,3.0,8.0,6.0,0.0,0.0,Extrovert,3.666666666666668,0,0,2.0,1
3440,0.0,4.0,5.0,5.0,5.0,0.0,0.0,Extrovert,3.6666666666666714,0,10,2.0,1
3676,0.0,4.0,5.0,8.0,4.0,0.0,0.0,Extrovert,3.6666666666666643,0,10,2.0,1
3860,0.0,3.0,5.0,8.0,5.0,0.0,0.0,Extrovert,3.666666666666668,0,10,2.0,1
4721,2.0,4.0,7.0,8.0,4.0,0.0,0.0,Extrovert,3.6666666666666643,0,10,2.0,1
5249,1.0,3.0,5.0,8.0,6.0,0.0,0.0,Extrovert,3.666666666666668,0,10,2.0,1
5423,2.0,4.0,5.0,8.0,6.0,0.0,0.0,Extrovert,3.666666666666668,0,10,2.0,1
5656,0.0,4.0,4.0,5.0,6.0,0.0,0.0,Extrovert,3.6666666666666714,0,0,2.0,1
6005,1.0,4.0,5.0,8.0,5.0,0.0,0.0,Extrovert,3.666666666666668,0,10,2.0,1
9586,2.0,4.0,6.0,5.0,6.0,0.0,0.0,Extrovert,3.6666666666666714,0,10,2.0,1
149,0.0,4.0,6.0,,3.0,0.0,0.0,Introvert,3.6688418240793723,1,10,2.0,1
3729,3.0,4.0,6.0,,6.0,0.0,0.0,Extrovert,3.6688418240793723,1,10,2.0,1
9169,0.0,4.0,3.0,,6.0,0.0,0.0,Extrovert,3.6688418240793723,1,0,2.0,1
145,1.0,4.0,5.0,8.0,,0.0,0.0,Extrovert,3.7024719969100026,1,10,2.0,1
2491,0.0,4.0,4.0,8.0,,0.0,0.0,Extrovert,3.7024719969100026,1,10,2.0,1
3916,2.0,4.0,6.0,8.0,,0.0,0.0,Extrovert,3.7024719969100026,1,10,2.0,1
5842,3.0,4.0,7.0,8.0,,0.0,0.0,Extrovert,3.7024719969100026,1,10,2.0,1
9120,1.0,4.0,6.0,5.0,,0.0,0.0,Extrovert,3.702471996910006,1,10,2.0,1
6789,0.0,4.0,,7.0,5.0,0.0,0.0,Extrovert,4.24469457146207,1,10,2.0,1
456,0.0,3.0,6.0,4.0,5.0,0.0,0.0,Extrovert,4.333333333333329,0,10,2.0,1
1942,2.0,3.0,7.0,4.0,6.0,0.0,0.0,Extrovert,4.333333333333329,0,10,2.0,1
1981,1.0,4.0,6.0,4.0,5.0,0.0,0.0,Extrovert,4.333333333333329,0,10,2.0,1
3022,0.0,3.0,5.0,4.0,6.0,0.0,0.0,Extrovert,4.333333333333329,0,10,2.0,1
3460,0.0,4.0,6.0,4.0,4.0,0.0,0.0,Extrovert,4.333333333333332,0,10,2.0,1
4393,0.0,4.0,5.0,4.0,5.0,0.0,0.0,Extrovert,4.333333333333329,0,10,2.0,1
5729,0.0,4.0,7.0,4.0,3.0,0.0,0.0,Extrovert,4.333333333333332,0,10,2.0,1
5804,0.0,3.0,6.0,7.0,4.0,0.0,0.0,Extrovert,4.333333333333336,0,10,2.0,1
6265,2.0,3.0,7.0,7.0,5.0,0.0,0.0,Extrovert,4.333333333333332,0,10,2.0,1
6742,2.0,4.0,6.0,4.0,6.0,0.0,0.0,Extrovert,4.333333333333329,0,10,2.0,1
6835,0.0,4.0,6.0,7.0,3.0,0.0,0.0,Extrovert,4.333333333333336,0,10,2.0,1
7391,0.0,4.0,3.0,7.0,6.0,0.0,0.0,Extrovert,4.333333333333332,0,0,2.0,1
7528,1.0,4.0,6.0,7.0,4.0,0.0,0.0,Extrovert,4.333333333333336,0,10,2.0,1
7814,0.0,4.0,5.0,7.0,4.0,0.0,0.0,Extrovert,4.333333333333336,0,10,2.0,1
8093,0.0,4.0,7.0,8.0,6.0,0.0,0.0,Extrovert,4.333333333333336,0,10,2.0,1
8147,1.0,4.0,7.0,7.0,3.0,0.0,0.0,Extrovert,4.333333333333336,0,10,2.0,1
8649,1.0,3.0,6.0,7.0,5.0,0.0,0.0,Extrovert,4.333333333333332,0,10,2.0,1
9675,1.0,3.0,5.0,7.0,6.0,0.0,0.0,Extrovert,4.333333333333332,0,10,2.0,1
10891,6.0,4.0,7.0,13.0,6.0,0.0,0.0,Extrovert,4.333333333333336,0,9,2.0,1
11029,1.0,4.0,5.0,7.0,5.0,0.0,0.0,Extrovert,4.333333333333332,0,10,2.0,1
7332,0.0,3.0,5.0,7.0,,0.0,0.0,Extrovert,4.3691386635766705,1,10,2.0,1
9819,0.0,4.0,4.0,7.0,,0.0,0.0,Extrovert,4.3691386635766705,1,10,2.0,1
9857,1.0,4.0,5.0,7.0,,0.0,0.0,Extrovert,4.3691386635766705,1,10,2.0,1
18029,,8.0,4.0,11.0,,0.0,0.0,Extrovert,0.02200013877708784,2,3,1.8,0
12966,,5.0,4.0,,9.0,0.0,0.0,Extrovert,0.05563031160771459,2,0,1.8,0
5231,,3.0,4.0,11.0,10.0,0.0,,Extrovert,0.057805469020422606,2,14,1.8,0
15615,,7.0,3.0,14.0,6.0,0.0,,Extrovert,0.057805469020422606,2,14,1.8,0
17913,,,5.0,10.0,7.0,0.0,0.0,Extrovert,0.07864902052446965,2,9,1.8,0
18013,,,5.0,13.0,6.0,0.0,0.0,Extrovert,0.0786490205244732,2,5,1.8,0
3567,,4.0,,11.0,9.0,0.0,0.0,Extrovert,0.14644423089168512,2,9,1.8,0
12744,,6.0,,5.0,9.0,0.0,0.0,Extrovert,0.14644423089168868,2,0,1.8,0
13714,,4.0,,14.0,8.0,0.0,0.0,Extrovert,0.14644423089168512,2,9,1.8,0
9433,3.0,,6.0,13.0,,0.0,0.0,Extrovert,0.16107351354510513,2,13,1.8,0
5764,3.0,7.0,,13.0,,0.0,0.0,Extrovert,0.2804999017054044,2,5,1.8,0
16446,2.0,7.0,,10.0,,0.0,0.0,Extrovert,0.2804999017054044,2,3,1.8,0
11924,2.0,9.0,3.0,,,0.0,0.0,Extrovert,0.2953528456772929,2,3,1.8,0
15928,2.0,8.0,4.0,,,0.0,0.0,Extrovert,0.2953528456772929,2,3,1.8,0
2722,3.0,7.0,7.0,5.0,,0.0,,Extrovert,0.2975280030899974,2,14,1.8,0
6582,2.0,8.0,3.0,11.0,,,0.0,Extrovert,0.29752800309000094,2,8,1.8,0
10214,3.0,6.0,5.0,14.0,,0.0,,Extrovert,0.29752800309000094,2,14,1.8,0
3492,3.0,8.0,6.0,,4.0,,0.0,Extrovert,0.3311581759206277,2,8,1.8,0
877,1.0,4.0,6.0,13.0,4.0,0.0,0.0,Introvert,0.3333333333333357,0,5,1.8,0
1729,4.0,4.0,7.0,10.0,7.0,0.0,0.0,Introvert,0.33333333333333215,0,9,1.8,0
3372,2.0,9.0,3.0,11.0,4.0,,,Extrovert,0.3333333333333357,2,8,1.8,0
4677,1.0,8.0,3.0,4.0,6.0,0.0,0.0,Introvert,0.33333333333333215,0,3,1.8,0
7711,3.0,8.0,6.0,7.0,4.0,0.0,0.0,Introvert,0.3333333333333357,0,3,1.8,0
13551,2.0,6.0,5.0,14.0,4.0,0.0,0.0,Introvert,0.3333333333333357,0,5,1.8,0
15743,2.0,6.0,7.0,5.0,5.0,0.0,0.0,Introvert,0.33333333333333215,0,10,1.8,0
10572,3.0,9.0,4.0,7.0,,,0.0,Extrovert,0.36913866357667047,2,8,1.8,0
12442,1.0,4.0,6.0,10.0,,,0.0,Extrovert,0.36913866357667047,2,8,1.8,0
8980,3.0,,,9.0,8.0,0.0,0.0,Extrovert,0.38114906100696544,2,0,1.8,0
6996,0.0,6.0,,8.0,,0.0,0.0,Extrovert,0.3861667649612599,2,3,1.8,0
16938,3.0,8.0,,11.0,,0.0,0.0,Extrovert,0.3861667649612599,2,3,1.8,0
9229,0.0,4.0,,,7.0,0.0,0.0,Extrovert,0.41979693779188665,2,0,1.8,0
6,1.0,8.0,,,4.0,0.0,0.0,Extrovert,0.4197969377918902,2,3,1.8,0
8789,3.0,,6.0,12.0,5.0,0.0,,Extrovert,0.4697878228782315,2,14,1.8,0
15269,3.0,,6.0,12.0,,0.0,0.0,Extrovert,0.5055931531215663,2,13,1.8,0
6237,,,5.0,11.0,7.0,0.0,0.0,Extrovert,0.5880176461421946,2,9,1.8,0
7738,,,5.0,5.0,9.0,0.0,0.0,Extrovert,0.5880176461421911,2,0,1.8,0
7019,,7.0,6.0,7.0,,,0.0,Extrovert,0.6446665278895836,3,8,1.8,0
13766,,9.0,3.0,12.0,,0.0,0.0,Extrovert,0.6886668054437521,2,11,1.8,0
7916,,,6.0,6.0,7.0,0.0,0.0,Extrovert,0.7453156871911375,2,10,1.8,0
12224,,,3.0,12.0,8.0,0.0,0.0,Extrovert,0.7453156871911375,2,11,1.8,0
217,,8.0,,15.0,4.0,0.0,0.0,Extrovert,0.8131108975583494,2,13,1.8,0
1519,,6.0,,6.0,9.0,0.0,0.0,Extrovert,0.813110897558353,2,0,1.8,0
6319,,9.0,,15.0,3.0,0.0,0.0,Extrovert,0.8131108975583494,2,13,1.8,0
6680,,9.0,,6.0,6.0,0.0,0.0,Extrovert,0.8131108975583494,2,3,1.8,0
5134,1.0,,7.0,,4.0,0.0,0.0,Extrovert,0.8613703530423962,2,10,1.8,0
6554,1.0,,6.0,,5.0,0.0,0.0,Extrovert,0.8613703530423962,2,10,1.8,0
13880,2.0,,6.0,,6.0,0.0,0.0,Extrovert,0.8613703530423962,2,10,1.8,0
15107,2.0,,4.0,8.0,8.0,0.0,,Extrovert,0.8635455104551042,2,14,1.8,0
8869,2.0,4.0,,15.0,6.0,0.0,,Extrovert,0.9113612381287339,2,14,1.8,0
7487,0.0,8.0,3.0,6.0,,,0.0,Extrovert,0.9641946697566652,2,8,1.8,0
8094,0.0,5.0,3.0,15.0,,,0.0,Extrovert,0.9641946697566652,2,8,1.8,0
1211,2.0,9.0,6.0,6.0,3.0,0.0,0.0,Introvert,1.0,0,3,1.8,0
2001,0.0,4.0,5.0,12.0,4.0,0.0,0.0,Introvert,1.0,0,5,1.8,0
2358,0.0,4.0,4.0,12.0,6.0,0.0,0.0,Introvert,1.0,0,5,1.8,0
3840,2.0,4.0,7.0,15.0,4.0,0.0,0.0,Introvert,1.0,0,13,1.8,0
3863,1.0,6.0,4.0,3.0,7.0,0.0,0.0,Introvert,1.0,0,0,1.8,0
4340,2.0,6.0,3.0,15.0,5.0,0.0,0.0,Introvert,1.0,0,5,1.8,0
5512,3.0,8.0,3.0,9.0,6.0,0.0,0.0,Introvert,1.0,0,3,1.8,0
5771,3.0,4.0,6.0,12.0,7.0,,,Extrovert,1.0,2,14,1.8,0
6306,3.0,6.0,5.0,15.0,5.0,0.0,0.0,Introvert,1.0,0,5,1.8,0
7571,3.0,7.0,5.0,15.0,3.0,0.0,0.0,Introvert,1.0,0,13,1.8,0
9178,3.0,6.0,5.0,9.0,6.0,0.0,0.0,Introvert,1.0,0,10,1.8,0
10530,3.0,7.0,3.0,12.0,6.0,,,Extrovert,1.0,2,14,1.8,0
12399,0.0,3.0,6.0,3.0,7.0,0.0,0.0,Introvert,1.0,0,10,1.8,0
12428,0.0,5.0,5.0,12.0,4.0,0.0,0.0,Introvert,1.0,0,5,1.8,0
13041,2.0,5.0,6.0,15.0,4.0,0.0,0.0,Introvert,1.0,0,13,1.8,0
13173,2.0,6.0,5.0,15.0,4.0,0.0,0.0,Introvert,1.0,0,5,1.8,0
15115,3.0,8.0,7.0,6.0,4.0,0.0,0.0,Introvert,1.0,0,10,1.8,0
15200,2.0,8.0,3.0,12.0,5.0,,,Extrovert,1.0,2,14,1.8,0
16371,3.0,5.0,7.0,6.0,7.0,0.0,0.0,Introvert,1.0,0,10,1.8,0
1465,3.0,,,5.0,9.0,0.0,0.0,Extrovert,1.0478157276736368,2,0,1.8,0
1769,1.0,7.0,,9.0,,0.0,0.0,Extrovert,1.0528334316279313,2,3,1.8,0
13892,3.0,8.0,,12.0,,0.0,0.0,Extrovert,1.0528334316279313,2,11,1.8,0
5077,1.0,7.0,,6.0,6.0,,0.0,Extrovert,1.088638761871266,2,8,1.8,0
9253,3.0,7.0,,3.0,9.0,0.0,,Extrovert,1.088638761871266,2,14,1.8,0
3458,2.0,,4.0,,7.0,0.0,0.0,Extrovert,1.1386296469576038,2,0,1.8,0
6900,3.0,,5.0,,7.0,0.0,0.0,Extrovert,1.1386296469576038,2,0,1.8,0
6166,3.0,,5.0,14.0,,0.0,0.0,Extrovert,1.1722598197882306,2,5,1.8,0
12114,,6.0,7.0,12.0,3.0,,0.0,Extrovert,1.275527864312913,2,8,1.8,0
12508,,7.0,6.0,12.0,3.0,0.0,,Extrovert,1.275527864312913,2,14,1.8,0
3450,,4.0,6.0,15.0,,0.0,0.0,Extrovert,1.3113331945562479,2,5,1.8,0
7162,,9.0,3.0,9.0,,0.0,0.0,Extrovert,1.3113331945562479,2,3,1.8,0
17200,,9.0,4.0,6.0,,0.0,0.0,Extrovert,1.3113331945562479,2,3,1.8,0
13724,,,4.0,14.0,6.0,0.0,0.0,Extrovert,1.4119823538578018,2,5,1.8,0
17806,,,6.0,14.0,4.0,0.0,0.0,Extrovert,1.4119823538578018,2,13,1.8,0
5510,,,5.0,8.0,7.0,0.0,0.0,Extrovert,1.4119823538578054,2,0,1.8,0
17053,,4.0,,13.0,9.0,0.0,0.0,Extrovert,1.4797775642250173,2,9,1.8,0
18062,,9.0,,7.0,6.0,0.0,0.0,Extrovert,1.4797775642250173,2,3,1.8,0
18146,,9.0,,10.0,5.0,0.0,0.0,Extrovert,1.4797775642250173,2,3,1.8,0
8327,1.0,,4.0,15.0,,0.0,0.0,Extrovert,1.4944068468784337,2,5,1.8,0
14465,0.0,,3.0,15.0,,0.0,0.0,Extrovert,1.4944068468784337,2,5,1.8,0
10735,0.0,5.0,,8.0,5.0,,0.0,Extrovert,1.5780279047954053,2,8,1.8,0
18222,3.0,6.0,,,7.0,0.0,0.0,Extrovert,1.5802030622081134,2,0,1.8,0
17777,2.0,,,6.0,9.0,0.0,0.0,Extrovert,1.6188509389930346,2,0,1.8,0
738,5.0,5.0,7.0,8.0,7.0,0.0,0.0,Introvert,1.6666666666666679,0,10,1.8,0
1430,1.0,4.0,5.0,10.0,7.0,0.0,0.0,Introvert,1.6666666666666643,0,9,1.8,0
1834,2.0,7.0,5.0,7.0,6.0,0.0,0.0,Introvert,1.6666666666666643,0,3,1.8,0
2350,3.0,8.0,3.0,14.0,4.0,,,Extrovert,1.6666666666666643,2,8,1.8,0
5601,0.0,8.0,3.0,13.0,3.0,0.0,0.0,Introvert,1.6666666666666643,0,5,1.8,0
6741,2.0,3.0,5.0,5.0,9.0,0.0,0.0,Introvert,1.6666666666666714,0,0,1.8,0
11006,0.0,4.0,6.0,10.0,5.0,0.0,0.0,Introvert,1.6666666666666643,0,10,1.8,0
11847,0.0,7.0,5.0,10.0,3.0,0.0,0.0,Introvert,1.6666666666666643,0,13,1.8,0
12170,1.0,3.0,6.0,5.0,7.0,0.0,0.0,Introvert,1.6666666666666714,0,10,1.8,0
15395,4.0,7.0,7.0,4.0,7.0,0.0,0.0,Introvert,1.6666666666666679,0,12,1.8,0
15504,4.0,3.0,7.0,13.0,8.0,0.0,0.0,Introvert,1.6666666666666643,0,9,1.8,0
490,0.0,4.0,3.0,14.0,,,0.0,Extrovert,1.702471996909999,2,8,1.8,0
5666,3.0,4.0,6.0,14.0,,,0.0,Extrovert,1.702471996909999,2,8,1.8,0
16267,2.0,4.0,6.0,11.0,,0.0,,Extrovert,1.702471996909999,2,14,1.8,0
8996,1.0,5.0,5.0,,,0.0,0.0,Extrovert,1.704647154322707,2,10,1.8,0
17330,3.0,9.0,3.0,,,0.0,0.0,Extrovert,1.704647154322707,2,3,1.8,0
8206,0.0,,,13.0,3.0,0.0,0.0,Extrovert,1.7144823943403011,2,5,1.8,0
9013,0.0,6.0,,10.0,,0.0,0.0,Extrovert,1.7195000982945956,2,5,1.8,0
10276,0.0,,4.0,7.0,5.0,,0.0,Extrovert,1.80312115621156,2,8,1.8,0
18155,,,6.0,10.0,7.0,0.0,0.0,Extrovert,1.9213509794755268,2,9,1.8,0
5798,,5.0,5.0,11.0,6.0,0.0,,Extrovert,1.9421945309795774,2,14,1.8,0
10925,,8.0,4.0,14.0,3.0,,0.0,Extrovert,1.9421945309795774,2,8,1.8,0
17883,,4.0,6.0,14.0,5.0,0.0,,Extrovert,1.9421945309795774,2,14,1.8,0
1827,,6.0,4.0,,7.0,0.0,0.0,Extrovert,1.9443696883922854,2,0,1.8,0
5552,,7.0,3.0,,7.0,0.0,0.0,Extrovert,1.9443696883922854,2,0,1.8,0
10443,,5.0,3.0,,9.0,0.0,0.0,Extrovert,1.9443696883922854,2,0,1.8,0
12342,,7.0,5.0,,5.0,0.0,0.0,Extrovert,1.9443696883922854,2,3,1.8,0
10096,,8.0,6.0,8.0,,0.0,0.0,Extrovert,2.022000138777088,2,3,1.8,0
2314,,8.0,6.0,,5.0,0.0,0.0,Extrovert,2.0556303116077146,2,3,1.8,0
3255,,7.0,5.0,,7.0,0.0,0.0,Extrovert,2.0556303116077146,2,12,1.8,0
18344,,9.0,5.0,,5.0,0.0,0.0,Extrovert,2.0556303116077146,2,3,1.8,0
11398,,9.0,5.0,8.0,5.0,0.0,,Extrovert,2.0578054690204226,2,14,1.8,0
9973,,,7.0,4.0,6.0,0.0,0.0,Extrovert,2.078649020524466,2,10,1.8,0
14539,,6.0,,8.0,9.0,0.0,0.0,Extrovert,2.1464442308916887,2,0,1.8,0
2483,0.0,,7.0,4.0,,0.0,0.0,Extrovert,2.1610735135451016,2,10,1.8,0
11342,0.0,,4.0,13.0,,0.0,0.0,Extrovert,2.161073513545105,2,5,1.8,0
2732,0.0,4.0,,10.0,,0.0,0.0,Extrovert,2.2804999017054044,2,5,1.8,0
1034,0.0,6.0,5.0,,,0.0,0.0,Extrovert,2.295352845677293,2,10,1.8,0
5668,3.0,9.0,5.0,,,0.0,0.0,Extrovert,2.295352845677293,2,3,1.8,0
10695,2.0,9.0,4.0,,,0.0,0.0,Extrovert,2.295352845677293,2,3,1.8,0
14413,1.0,9.0,3.0,,,0.0,0.0,Extrovert,2.295352845677293,2,3,1.8,0
16781,2.0,7.0,7.0,,4.0,,0.0,Extrovert,2.3311581759206277,2,8,1.8,0
5718,8.0,7.0,7.0,4.0,9.0,0.0,0.0,Introvert,2.3333333333333286,0,12,1.8,0
8659,2.0,7.0,6.0,11.0,4.0,0.0,0.0,Introvert,2.3333333333333357,0,13,1.8,0
13126,2.0,6.0,7.0,14.0,3.0,0.0,0.0,Introvert,2.3333333333333357,0,13,1.8,0
13460,4.0,6.0,6.0,7.0,6.0,0.0,0.0,Introvert,2.333333333333332,0,10,1.8,0
13792,0.0,6.0,4.0,10.0,3.0,0.0,0.0,Introvert,2.3333333333333357,0,5,1.8,0
16188,3.0,5.0,7.0,5.0,8.0,0.0,0.0,Introvert,2.3333333333333286,0,12,1.8,0
1475,2.0,6.0,4.0,10.0,,0.0,,Extrovert,2.3691386635766705,2,14,1.8,0
1456,3.0,,,15.0,5.0,0.0,0.0,Extrovert,2.3811490610069654,2,5,1.8,0
11152,3.0,,,15.0,5.0,,0.0,Extrovert,2.3811490610069654,3,8,1.8,0
12304,1.0,,,15.0,3.0,0.0,0.0,Extrovert,2.3811490610069654,2,5,1.8,0
3988,2.0,8.0,,11.0,,0.0,0.0,Extrovert,2.38616676496126,2,3,1.8,0
9934,2.0,9.0,,8.0,,0.0,0.0,Extrovert,2.3861667649612635,2,3,1.8,0
8181,3.0,6.0,,,9.0,0.0,0.0,Extrovert,2.4197969377918866,2,0,1.8,0
3455,0.0,5.0,,14.0,5.0,,0.0,Extrovert,2.4219720952045947,2,8,1.8,0
13767,0.0,6.0,,11.0,5.0,0.0,,Extrovert,2.4219720952045947,2,14,1.8,0
14427,0.0,8.0,,11.0,3.0,,0.0,Extrovert,2.421972095204598,2,8,1.8,0
13,3.0,,5.0,12.0,5.0,,0.0,Extrovert,2.4697878228782315,2,8,1.8,0
6520,1.0,,5.0,12.0,3.0,,0.0,Extrovert,2.4697878228782315,2,8,1.8,0
13370,0.0,,5.0,6.0,4.0,0.0,,Extrovert,2.4697878228782315,2,14,1.8,0
7559,2.0,,5.0,9.0,,0.0,0.0,Extrovert,2.5055931531215663,2,10,1.8,0
1377,,,7.0,11.0,6.0,0.0,0.0,Extrovert,2.588017646142198,2,9,1.8,0
15807,,,7.0,8.0,7.0,0.0,0.0,Extrovert,2.588017646142198,2,12,1.8,0
3359,,5.0,7.0,7.0,5.0,,0.0,Extrovert,2.608861197646249,2,8,1.8,0
11250,,9.0,6.0,6.0,,0.0,0.0,Extrovert,2.688666805443752,2,3,1.8,0
5111,,7.0,5.0,12.0,6.0,0.0,,Extrovert,2.724472135687087,2,14,1.8,0
3488,1.0,,7.0,8.0,,,0.0,Extrovert,2.8277401802117694,3,8,1.8,0
17809,2.0,,5.0,,8.0,0.0,0.0,Extrovert,2.861370353042396,2,0,1.8,0
4382,0.0,,5.0,8.0,6.0,0.0,,Extrovert,2.863545510455104,2,14,1.8,0
6401,0.0,4.0,,12.0,4.0,0.0,,Extrovert,2.911361238128734,2,14,1.8,0
7071,1.0,5.0,,9.0,,0.0,0.0,Extrovert,2.9471665683720687,2,5,1.8,0
9316,1.0,7.0,4.0,12.0,,,0.0,Extrovert,2.9641946697566652,2,8,1.8,0
4623,2.0,7.0,7.0,6.0,5.0,0.0,0.0,Introvert,3.0,0,10,1.8,0
5891,2.0,3.0,5.0,3.0,9.0,0.0,0.0,Introvert,3.0,0,0,1.8,0
7183,1.0,6.0,7.0,9.0,4.0,0.0,0.0,Introvert,3.0,0,10,1.8,0
7239,0.0,3.0,5.0,6.0,9.0,0.0,0.0,Introvert,3.0,0,0,1.8,0
8377,3.0,5.0,3.0,9.0,8.0,0.0,0.0,Introvert,3.0,0,0,1.8,0
10480,1.0,7.0,4.0,6.0,7.0,0.0,0.0,Introvert,3.0,0,0,1.8,0
10662,3.0,7.0,3.0,12.0,,0.0,,Extrovert,3.0358053302433348,2,14,1.8,0
6208,3.0,,,8.0,7.0,0.0,0.0,Extrovert,3.0478157276736333,2,0,1.8,0
11958,2.0,,,8.0,6.0,0.0,0.0,Extrovert,3.0478157276736333,2,0,1.8,0
9896,1.0,,3.0,8.0,6.0,,0.0,Extrovert,3.136454489544896,2,8,1.8,0
10430,3.0,,6.0,8.0,5.0,,0.0,Extrovert,3.136454489544896,2,8,1.8,0
1587,0.0,,5.0,,3.0,0.0,0.0,Extrovert,3.138629646957604,2,10,1.8,0
13762,2.0,,6.0,,4.0,0.0,0.0,Extrovert,3.138629646957604,2,10,1.8,0
6833,1.0,,3.0,11.0,,0.0,0.0,Extrovert,3.1722598197882306,2,5,1.8,0
3124,,7.0,,6.0,6.0,0.0,,Extrovert,3.1868891024416506,3,14,1.8,0
16986,,5.0,,12.0,6.0,0.0,0.0,Extrovert,3.1868891024416506,2,5,1.8,0
9506,,7.0,5.0,6.0,,0.0,0.0,Extrovert,3.311333194556248,2,3,1.8,0
10975,,6.0,4.0,12.0,,0.0,0.0,Extrovert,3.311333194556248,2,5,1.8,0
12096,,9.0,5.0,10.0,,0.0,0.0,Extrovert,3.3553334721104164,2,3,1.8,0
15914,,9.0,6.0,7.0,,0.0,0.0,Extrovert,3.3553334721104164,2,3,1.8,0
2475,,,5.0,8.0,6.0,0.0,0.0,Extrovert,3.4119823538578054,2,10,1.8,0
3590,1.0,,6.0,12.0,,0.0,0.0,Extrovert,3.4944068468784337,2,13,1.8,0
4429,2.0,6.0,,8.0,5.0,0.0,,Extrovert,3.5780279047954053,2,14,1.8,0
7159,1.0,5.0,,8.0,5.0,,0.0,Extrovert,3.5780279047954053,2,8,1.8,0
5620,1.0,5.0,,,5.0,0.0,0.0,Extrovert,3.5802030622081134,2,10,1.8,0
14783,3.0,5.0,,,7.0,0.0,0.0,Extrovert,3.5802030622081134,2,0,1.8,0
1080,2.0,6.0,,8.0,,0.0,0.0,Extrovert,3.61383323503874,2,3,1.8,0
1812,3.0,6.0,,11.0,,0.0,0.0,Extrovert,3.61383323503874,2,5,1.8,0
6444,0.0,9.0,3.0,7.0,,,0.0,Extrovert,3.6308613364233295,2,8,1.8,0
9844,0.0,7.0,4.0,10.0,,,0.0,Extrovert,3.6308613364233295,2,8,1.8,0
2526,1.0,5.0,5.0,10.0,7.0,0.0,0.0,Introvert,3.6666666666666643,0,9,1.8,0
3086,0.0,3.0,5.0,14.0,3.0,0.0,0.0,Introvert,3.6666666666666643,0,5,1.8,0
6549,5.0,7.0,7.0,8.0,4.0,0.0,0.0,Introvert,3.6666666666666643,0,13,1.8,0
9894,0.0,3.0,6.0,10.0,7.0,0.0,0.0,Introvert,3.6666666666666643,0,9,1.8,0
11247,2.0,7.0,3.0,7.0,9.0,0.0,0.0,Introvert,3.666666666666668,0,0,1.8,0
12901,0.0,4.0,5.0,4.0,9.0,0.0,0.0,Introvert,3.6666666666666714,0,0,1.8,0
2010,2.0,7.0,5.0,,3.0,0.0,,Extrovert,3.6688418240793723,2,14,1.8,0
10746,2.0,7.0,4.0,,4.0,,0.0,Extrovert,3.6688418240793723,2,8,1.8,0
12328,1.0,6.0,3.0,,,0.0,0.0,Extrovert,3.704647154322707,2,3,1.8,0
7097,1.0,,,10.0,4.0,0.0,0.0,Extrovert,3.714482394340301,2,5,1.8,0
11831,3.0,9.0,,10.0,6.0,0.0,,Extrovert,3.7553054285379304,2,14,1.8,0
17960,1.0,,6.0,7.0,3.0,,0.0,Extrovert,3.80312115621156,2,8,1.8,0
3175,,3.0,7.0,11.0,5.0,,0.0,Extrovert,3.9421945309795774,2,8,1.8,0
1711,,8.0,4.0,,4.0,0.0,0.0,Extrovert,3.9443696883922854,2,3,1.8,0
16317,,5.0,6.0,,5.0,0.0,0.0,Extrovert,3.9443696883922854,2,10,1.8,0
302,,6.0,4.0,11.0,,0.0,0.0,Extrovert,3.9779998612229157,2,5,1.8,0
3714,,5.0,5.0,11.0,,0.0,0.0,Extrovert,3.9779998612229157,2,5,1.8,0
13354,,8.0,3.0,8.0,,0.0,0.0,Extrovert,3.9779998612229157,2,3,1.8,0
9267,,5.0,6.0,,9.0,0.0,0.0,Extrovert,4.055630311607715,2,9,1.8,0
16802,,7.0,6.0,,7.0,0.0,0.0,Extrovert,4.055630311607715,2,12,1.8,0
17341,,8.0,6.0,,6.0,0.0,0.0,Extrovert,4.055630311607715,2,12,1.8,0
912,,7.0,,11.0,8.0,0.0,0.0,Extrovert,4.146444230891685,2,11,1.8,0
15345,3.0,6.0,,7.0,6.0,,0.0,Extrovert,4.24469457146207,2,8,1.8,0
201,0.0,7.0,4.0,,6.0,0.0,,Extrovert,4.331158175920628,2,14,1.8,0
4737,0.0,7.0,6.0,,4.0,,0.0,Extrovert,4.331158175920628,2,8,1.8,0
12260,0.0,8.0,6.0,,3.0,,0.0,Extrovert,4.331158175920628,2,8,1.8,0
2176,0.0,8.0,5.0,5.0,5.0,0.0,0.0,Introvert,4.333333333333332,0,3,1.8,0
4452,3.0,8.0,7.0,5.0,6.0,0.0,0.0,Introvert,4.333333333333332,0,12,1.8,0
7576,2.0,6.0,4.0,7.0,5.0,0.0,0.0,Introvert,4.333333333333332,0,3,1.8,0
10657,2.0,3.0,7.0,8.0,9.0,0.0,0.0,Introvert,4.333333333333332,0,9,1.8,0
12869,0.0,5.0,6.0,5.0,7.0,0.0,0.0,Introvert,4.333333333333332,0,10,1.8,0
5906,2.0,7.0,4.0,7.0,4.0,0.0,0.0,Introvert,4.333333333333336,0,3,1.8,0
6593,0.0,7.0,3.0,8.0,7.0,0.0,0.0,Introvert,4.333333333333336,0,0,1.8,0
9716,1.0,3.0,7.0,11.0,7.0,0.0,0.0,Introvert,4.333333333333336,0,9,1.8,0
14121,3.0,3.0,6.0,14.0,9.0,0.0,0.0,Introvert,4.333333333333336,0,9,1.8,0
14378,0.0,5.0,4.0,14.0,6.0,0.0,0.0,Introvert,4.333333333333336,0,5,1.8,0
14490,2.0,4.0,3.0,13.0,6.0,,,Extrovert,4.333333333333336,2,14,1.8,0
2291,3.0,,,12.0,5.0,0.0,0.0,Extrovert,4.381149061006965,2,5,1.8,0
5846,1.0,5.0,,,9.0,0.0,0.0,Extrovert,4.419796937791887,2,0,1.8,0
6216,1.0,7.0,,,7.0,0.0,0.0,Extrovert,4.419796937791887,2,0,1.8,0
1585,2.0,4.0,7.0,6.0,4.0,0.0,0.0,Introvert,5.0,0,10,1.8,1
2809,0.0,9.0,2.0,5.0,2.0,,,Extrovert,5.666666666666668,2,8,1.8,1
11483,2.0,4.0,3.0,5.0,8.0,,,Extrovert,5.666666666666671,2,14,1.8,1
1068,4.0,10.0,4.0,11.0,4.0,0.0,0.0,Extrovert,0.3333333333333357,0,3,1.7,0
1950,4.0,5.0,6.0,10.0,7.0,0.0,0.0,Extrovert,0.33333333333333215,0,9,1.7,0
2492,4.0,6.0,3.0,10.0,9.0,0.0,0.0,Extrovert,0.33333333333333215,0,0,1.7,0
4192,4.0,6.0,6.0,10.0,6.0,0.0,0.0,Extrovert,0.3333333333333357,0,13,1.7,0
5339,5.0,9.0,5.0,11.0,5.0,0.0,0.0,Extrovert,0.3333333333333357,0,13,1.7,0
6184,4.0,7.0,5.0,10.0,6.0,0.0,0.0,Extrovert,0.3333333333333357,0,13,1.7,0
8618,4.0,6.0,7.0,10.0,5.0,0.0,0.0,Extrovert,0.3333333333333357,0,13,1.7,0
8674,4.0,7.0,4.0,14.0,6.0,0.0,0.0,Extrovert,0.3333333333333357,0,11,1.7,0
9734,4.0,7.0,7.0,11.0,4.0,0.0,0.0,Extrovert,0.3333333333333357,0,13,1.7,0
9900,5.0,5.0,4.0,14.0,9.0,0.0,0.0,Extrovert,0.3333333333333357,0,9,1.7,0
10213,4.0,6.0,6.0,14.0,5.0,0.0,0.0,Extrovert,0.3333333333333357,0,13,1.7,0
11895,4.0,5.0,5.0,14.0,7.0,0.0,0.0,Extrovert,0.3333333333333357,0,9,1.7,0
12359,4.0,7.0,7.0,10.0,4.0,0.0,0.0,Extrovert,0.3333333333333357,0,13,1.7,0
14396,6.0,7.0,4.0,14.0,8.0,0.0,0.0,Extrovert,0.3333333333333357,0,11,1.7,0
16054,4.0,9.0,6.0,10.0,3.0,,0.0,Extrovert,0.3333333333333357,1,8,1.7,0
16610,7.0,7.0,5.0,14.0,8.0,0.0,0.0,Extrovert,0.3333333333333357,0,11,1.7,0
17353,4.0,5.0,4.0,10.0,9.0,0.0,0.0,Extrovert,0.33333333333333215,0,0,1.7,0
17770,4.0,6.0,4.0,14.0,7.0,0.0,0.0,Extrovert,0.3333333333333357,0,11,1.7,0
3680,1.0,3.0,7.0,7.0,3.0,0.0,0.0,Introvert,6.333333333333336,0,10,1.8,1
9012,1.0,4.0,6.0,4.0,4.0,0.0,0.0,Introvert,6.333333333333329,0,10,1.8,1
600,4.0,8.0,5.0,15.0,4.0,0.0,0.0,Extrovert,1.0,0,13,1.7,0
1284,4.0,8.0,4.0,9.0,7.0,0.0,0.0,Extrovert,1.0,0,11,1.7,0
1378,4.0,9.0,4.0,12.0,5.0,0.0,,Introvert,1.0,1,14,1.7,0
1644,4.0,8.0,4.0,9.0,6.0,0.0,0.0,Extrovert,1.0,0,3,1.7,0
2616,4.0,5.0,3.0,15.0,8.0,0.0,0.0,Extrovert,1.0,0,11,1.7,0
4201,4.0,5.0,6.0,12.0,7.0,0.0,0.0,Extrovert,1.0,0,9,1.7,0
6098,4.0,8.0,3.0,12.0,7.0,0.0,0.0,Extrovert,1.0,0,11,1.7,0
6785,4.0,7.0,4.0,9.0,8.0,0.0,0.0,Extrovert,1.0,0,0,1.7,0
7133,4.0,8.0,6.0,12.0,3.0,0.0,0.0,Extrovert,1.0,0,13,1.7,0
8479,4.0,7.0,6.0,9.0,6.0,0.0,0.0,Extrovert,1.0,0,12,1.7,0
9954,4.0,9.0,3.0,9.0,7.0,0.0,0.0,Extrovert,1.0,0,11,1.7,0
10124,4.0,7.0,3.0,12.0,7.0,0.0,0.0,Extrovert,1.0,0,11,1.7,0
11397,4.0,6.0,7.0,12.0,4.0,0.0,0.0,Extrovert,1.0,0,13,1.7,0
11684,5.0,8.0,5.0,15.0,4.0,0.0,0.0,Extrovert,1.0,0,13,1.7,0
12435,8.0,8.0,7.0,15.0,5.0,0.0,0.0,Extrovert,1.0,0,13,1.7,0
13462,4.0,7.0,5.0,9.0,7.0,0.0,0.0,Extrovert,1.0,0,12,1.7,0
14085,4.0,6.0,7.0,9.0,6.0,0.0,0.0,Extrovert,1.0,0,10,1.7,0
15274,4.0,5.0,5.0,12.0,7.0,0.0,0.0,Extrovert,1.0,0,9,1.7,0
17222,4.0,6.0,5.0,9.0,7.0,0.0,0.0,Extrovert,1.0,0,0,1.7,0
17425,4.0,8.0,5.0,12.0,5.0,0.0,0.0,Extrovert,1.0,0,13,1.7,0
17969,4.0,6.0,4.0,12.0,8.0,0.0,0.0,Extrovert,1.0,0,11,1.7,0
16136,6.0,9.0,6.0,9.0,,0.0,0.0,Extrovert,1.0358053302433348,1,13,1.7,0
200,1.0,4.0,,6.0,,0.0,0.0,Extrovert,6.947166568372072,2,10,1.8,1
2441,4.0,7.0,,11.0,6.0,0.0,0.0,Extrovert,1.5780279047954053,1,11,1.7,0
4798,4.0,9.0,5.0,10.0,,0.0,0.0,Extrovert,1.6308613364233295,1,3,1.7,0
357,4.0,5.0,5.0,13.0,8.0,0.0,0.0,Extrovert,1.6666666666666643,0,9,1.7,0
915,4.0,7.0,6.0,13.0,5.0,0.0,0.0,Extrovert,1.6666666666666643,0,13,1.7,0
2447,4.0,9.0,5.0,10.0,5.0,0.0,0.0,Extrovert,1.6666666666666643,0,3,1.7,0
4419,4.0,7.0,7.0,13.0,4.0,0.0,0.0,Extrovert,1.6666666666666643,0,13,1.7,0
4779,4.0,5.0,6.0,13.0,7.0,0.0,0.0,Extrovert,1.6666666666666643,0,9,1.7,0
5185,4.0,10.0,5.0,10.0,4.0,0.0,0.0,Extrovert,1.6666666666666643,0,3,1.7,0
9050,4.0,7.0,7.0,11.0,3.0,0.0,0.0,Extrovert,1.6666666666666643,0,13,1.7,0
11439,4.0,9.0,6.0,10.0,4.0,0.0,0.0,Extrovert,1.6666666666666643,0,13,1.7,0
12017,4.0,6.0,4.0,14.0,6.0,0.0,0.0,Extrovert,1.6666666666666643,0,5,1.7,0
12568,4.0,7.0,7.0,10.0,5.0,0.0,0.0,Extrovert,1.6666666666666643,0,13,1.7,0
14087,5.0,7.0,5.0,13.0,7.0,0.0,0.0,Extrovert,1.6666666666666643,0,11,1.7,0
15296,4.0,9.0,6.0,13.0,3.0,0.0,0.0,Extrovert,1.6666666666666643,0,13,1.7,0
15528,4.0,6.0,4.0,13.0,8.0,0.0,0.0,Extrovert,1.6666666666666643,0,11,1.7,0
15624,4.0,8.0,4.0,11.0,5.0,0.0,0.0,Extrovert,1.6666666666666643,0,3,1.7,0
15805,4.0,7.0,6.0,14.0,3.0,0.0,0.0,Extrovert,1.6666666666666643,0,13,1.7,0
16641,4.0,8.0,3.0,14.0,5.0,0.0,0.0,Extrovert,1.6666666666666643,0,11,1.7,0
2434,5.0,8.0,4.0,10.0,8.0,0.0,0.0,Extrovert,1.6666666666666679,0,11,1.7,0
4045,4.0,5.0,6.0,10.0,8.0,0.0,0.0,Extrovert,1.6666666666666679,0,9,1.7,0
15100,4.0,6.0,4.0,11.0,7.0,0.0,0.0,Extrovert,1.6666666666666679,0,11,1.7,0
10944,3.0,4.0,5.0,,,0.0,0.0,Extrovert,7.704647154322707,2,10,1.8,1
10726,4.0,8.0,,10.0,5.0,0.0,0.0,Extrovert,2.2446945714620696,1,3,1.7,0
140,4.0,7.0,6.0,11.0,6.0,0.0,0.0,Extrovert,2.3333333333333357,0,13,1.7,0
3491,4.0,7.0,5.0,10.0,5.0,0.0,0.0,Extrovert,2.3333333333333357,0,13,1.7,0
6538,4.0,8.0,5.0,11.0,6.0,0.0,0.0,Extrovert,2.3333333333333357,0,13,1.7,0
8509,6.0,5.0,5.0,14.0,10.0,0.0,0.0,Extrovert,2.3333333333333357,0,9,1.7,0
9385,4.0,5.0,4.0,10.0,8.0,0.0,0.0,Extrovert,2.333333333333332,0,0,1.7,0
9393,4.0,9.0,3.0,11.0,7.0,0.0,0.0,Extrovert,2.3333333333333357,0,11,1.7,0
10918,4.0,9.0,6.0,11.0,4.0,0.0,0.0,Extrovert,2.3333333333333357,0,13,1.7,0
10957,4.0,6.0,5.0,14.0,7.0,0.0,0.0,Extrovert,2.3333333333333357,0,9,1.7,0
11499,4.0,5.0,7.0,14.0,6.0,0.0,0.0,Extrovert,2.3333333333333357,0,9,1.7,0
11753,4.0,9.0,3.0,14.0,6.0,0.0,0.0,Extrovert,2.3333333333333357,0,11,1.7,0
12821,4.0,7.0,3.0,13.0,6.0,0.0,0.0,Extrovert,2.3333333333333357,0,11,1.7,0
12858,4.0,7.0,6.0,14.0,5.0,0.0,0.0,Extrovert,2.3333333333333357,0,13,1.7,0
15451,4.0,5.0,6.0,10.0,6.0,0.0,0.0,Extrovert,2.333333333333332,0,9,1.7,0
15806,4.0,9.0,5.0,10.0,3.0,0.0,0.0,Extrovert,2.3333333333333357,0,3,1.7,0
16215,4.0,6.0,4.0,10.0,7.0,0.0,0.0,Extrovert,2.333333333333332,0,0,1.7,0
177,4.0,8.0,,11.0,7.0,0.0,0.0,Extrovert,2.4219720952045947,1,11,1.7,0
3608,4.0,7.0,,11.0,8.0,0.0,0.0,Extrovert,2.4219720952045947,1,11,1.7,0
5774,6.0,7.0,,14.0,9.0,0.0,0.0,Extrovert,2.4219720952045947,1,11,1.7,0
12803,6.0,8.0,,9.0,7.0,0.0,0.0,Extrovert,2.911361238128734,1,11,1.7,0
298,4.0,8.0,3.0,12.0,5.0,0.0,0.0,Extrovert,3.0,0,11,1.7,0
938,4.0,9.0,5.0,9.0,6.0,0.0,0.0,Extrovert,3.0,0,3,1.7,0
4900,4.0,8.0,5.0,9.0,7.0,0.0,0.0,Extrovert,3.0,0,12,1.7,0
5044,4.0,5.0,7.0,9.0,8.0,0.0,0.0,Extrovert,3.0,0,9,1.7,0
6050,4.0,6.0,4.0,9.0,7.0,0.0,0.0,Extrovert,3.0,0,0,1.7,0
8630,4.0,5.0,3.0,12.0,8.0,0.0,0.0,Extrovert,3.0,0,11,1.7,0
9937,4.0,6.0,5.0,15.0,7.0,0.0,0.0,Extrovert,3.0,0,9,1.7,0
10357,4.0,8.0,4.0,12.0,7.0,0.0,0.0,Extrovert,3.0,0,11,1.7,0
12084,4.0,9.0,4.0,12.0,3.0,0.0,0.0,Extrovert,3.0,0,3,1.7,0
12417,4.0,8.0,7.0,9.0,5.0,0.0,0.0,Extrovert,3.0,0,13,1.7,0
12585,4.0,10.0,4.0,12.0,5.0,0.0,0.0,Extrovert,3.0,0,11,1.7,0
13079,4.0,7.0,5.0,15.0,3.0,0.0,0.0,Extrovert,3.0,0,13,1.7,0
13341,4.0,8.0,3.0,12.0,8.0,0.0,0.0,Extrovert,3.0,0,11,1.7,0
13710,4.0,9.0,3.0,12.0,7.0,0.0,0.0,Extrovert,3.0,0,11,1.7,0
13851,4.0,8.0,3.0,15.0,4.0,0.0,0.0,Extrovert,3.0,0,5,1.7,0
13938,4.0,8.0,3.0,9.0,6.0,0.0,0.0,Extrovert,3.0,0,3,1.7,0
16435,4.0,5.0,7.0,12.0,7.0,0.0,0.0,Extrovert,3.0,0,9,1.7,0
18057,4.0,5.0,4.0,15.0,9.0,0.0,0.0,Extrovert,3.0,0,9,1.7,0
18123,4.0,7.0,4.0,9.0,6.0,0.0,0.0,Extrovert,3.0,0,3,1.7,0
18332,4.0,6.0,6.0,9.0,8.0,0.0,0.0,Extrovert,3.0,0,12,1.7,0
18446,4.0,5.0,5.0,12.0,9.0,0.0,0.0,Extrovert,3.0,0,9,1.7,0
5844,4.0,8.0,3.0,12.0,,0.0,0.0,Extrovert,3.0358053302433348,1,11,1.7,0
1375,4.0,7.0,,9.0,9.0,0.0,0.0,Extrovert,3.088638761871266,1,0,1.7,0
2086,4.0,8.0,,9.0,8.0,0.0,0.0,Extrovert,3.088638761871266,1,11,1.7,0
3133,2.0,4.0,,6.0,,0.0,0.0,Extrovert,8.947166568372072,2,10,1.8,1
10669,1.0,4.0,4.0,6.0,4.0,0.0,0.0,Introvert,9.0,0,10,1.8,1
876,4.0,9.0,3.0,10.0,8.0,0.0,0.0,Extrovert,3.6666666666666643,0,11,1.7,0
2484,4.0,9.0,4.0,10.0,7.0,0.0,0.0,Extrovert,3.6666666666666643,0,11,1.7,0
4409,4.0,5.0,7.0,10.0,8.0,0.0,0.0,Extrovert,3.6666666666666643,0,9,1.7,0
5079,5.0,8.0,4.0,10.0,9.0,0.0,0.0,Extrovert,3.666666666666668,0,11,1.7,0
5162,6.0,8.0,6.0,14.0,3.0,0.0,0.0,Extrovert,3.6666666666666643,0,13,1.7,0
8361,4.0,7.0,6.0,10.0,7.0,0.0,0.0,Extrovert,3.6666666666666643,0,12,1.7,0
8818,4.0,5.0,5.0,10.0,10.0,0.0,0.0,Extrovert,3.666666666666668,0,9,1.7,0
9797,4.0,8.0,7.0,10.0,5.0,0.0,0.0,Extrovert,3.6666666666666643,0,13,1.7,0
9956,4.0,5.0,4.0,11.0,7.0,0.0,0.0,Extrovert,3.666666666666668,0,5,1.7,0
10277,5.0,5.0,5.0,13.0,10.0,0.0,0.0,Extrovert,3.6666666666666643,0,9,1.7,0
12329,4.0,7.0,7.0,13.0,5.0,0.0,0.0,Extrovert,3.6666666666666643,0,13,1.7,0
14261,4.0,7.0,6.0,13.0,6.0,0.0,0.0,Extrovert,3.6666666666666643,0,13,1.7,0
14579,4.0,7.0,7.0,10.0,6.0,0.0,0.0,Extrovert,3.6666666666666643,0,13,1.7,0
15143,4.0,6.0,3.0,14.0,6.0,0.0,0.0,Extrovert,3.6666666666666643,0,5,1.7,0
16764,4.0,9.0,3.0,13.0,7.0,0.0,0.0,Extrovert,3.6666666666666643,0,11,1.7,0
17231,4.0,7.0,5.0,11.0,4.0,0.0,0.0,Extrovert,3.6666666666666643,0,13,1.7,0
18022,4.0,5.0,7.0,14.0,3.0,0.0,0.0,Extrovert,3.6666666666666643,0,13,1.7,0
18451,4.0,7.0,5.0,10.0,8.0,0.0,0.0,Extrovert,3.6666666666666643,0,12,1.7,0
6590,4.0,6.0,5.0,11.0,,0.0,0.0,Extrovert,3.7024719969100026,1,5,1.7,0
9077,4.0,4.0,,,6.0,0.0,0.0,Extrovert,9.580203062208113,2,0,1.8,1
3742,3.0,4.0,,8.0,,0.0,0.0,Extrovert,9.61383323503874,2,10,1.8,1
10732,6.0,6.0,5.0,5.0,6.0,0.0,0.0,Introvert,9.666666666666671,0,10,1.8,1
4362,,4.0,,8.0,5.0,0.0,0.0,Extrovert,9.853555769108315,2,10,1.8,1
8518,,4.0,3.0,,6.0,0.0,0.0,Extrovert,9.944369688392285,2,0,1.8,1
534,4.0,9.0,4.0,10.0,3.0,0.0,0.0,Extrovert,4.333333333333336,0,3,1.7,0
3183,4.0,8.0,3.0,14.0,8.0,0.0,0.0,Extrovert,4.333333333333336,0,11,1.7,0
5215,4.0,9.0,3.0,11.0,8.0,0.0,0.0,Extrovert,4.333333333333336,0,11,1.7,0
7731,5.0,8.0,6.0,14.0,6.0,0.0,0.0,Extrovert,4.333333333333336,0,13,1.7,0
8312,4.0,6.0,6.0,13.0,3.0,0.0,0.0,Extrovert,4.333333333333336,0,13,1.7,0
8991,4.0,8.0,5.0,14.0,6.0,0.0,0.0,Extrovert,4.333333333333336,0,11,1.7,0
9516,4.0,6.0,6.0,11.0,8.0,0.0,0.0,Extrovert,4.333333333333336,0,9,1.7,0
10446,4.0,5.0,5.0,13.0,5.0,0.0,0.0,Extrovert,4.333333333333336,0,5,1.7,0
11018,4.0,7.0,5.0,11.0,8.0,0.0,0.0,Extrovert,4.333333333333336,0,11,1.7,0
12951,4.0,5.0,6.0,11.0,9.0,0.0,0.0,Extrovert,4.333333333333332,0,9,1.7,0
14126,4.0,6.0,6.0,10.0,4.0,0.0,0.0,Extrovert,4.333333333333336,0,13,1.7,0
14542,4.0,8.0,7.0,11.0,5.0,0.0,0.0,Extrovert,4.333333333333336,0,13,1.7,0
14578,4.0,9.0,3.0,10.0,4.0,0.0,0.0,Extrovert,4.333333333333336,0,3,1.7,0
15611,4.0,5.0,4.0,10.0,7.0,0.0,0.0,Extrovert,4.333333333333332,0,0,1.7,0
15865,4.0,6.0,5.0,13.0,4.0,0.0,0.0,Extrovert,4.333333333333336,0,5,1.7,0
16068,4.0,6.0,5.0,11.0,9.0,0.0,0.0,Extrovert,4.333333333333332,0,9,1.7,0
18111,6.0,6.0,7.0,13.0,4.0,0.0,0.0,Extrovert,4.333333333333336,0,13,1.7,0
18404,5.0,8.0,5.0,14.0,7.0,0.0,0.0,Extrovert,4.333333333333336,0,11,1.7,0
11258,4.0,7.0,4.0,10.0,,0.0,0.0,Extrovert,4.3691386635766705,1,3,1.7,0
4830,1.0,3.0,6.0,1.0,4.0,0.0,0.0,Introvert,10.333333333333329,0,10,1.8,1
5048,3.0,4.0,5.0,8.0,3.0,0.0,0.0,Introvert,11.666666666666668,0,10,1.8,1
1316,0.0,4.0,4.0,7.0,7.0,,0.0,Extrovert,0.33333333333333215,1,7,1.6,0
2023,0.0,4.0,3.0,7.0,8.0,,0.0,Extrovert,0.33333333333333215,1,7,1.6,0
2347,3.0,7.0,3.0,5.0,9.0,,0.0,Extrovert,0.3333333333333286,1,7,1.6,0
3721,2.0,4.0,6.0,8.0,7.0,,0.0,Extrovert,0.33333333333333215,1,7,1.6,0
7735,3.0,8.0,3.0,4.0,8.0,,0.0,Extrovert,0.3333333333333286,1,7,1.6,0
7951,2.0,5.0,4.0,8.0,8.0,,0.0,Extrovert,0.33333333333333215,1,7,1.6,0
9236,0.0,4.0,3.0,11.0,7.0,,0.0,Extrovert,0.33333333333333215,1,7,1.6,0
9791,3.0,4.0,5.0,7.0,9.0,,0.0,Extrovert,0.33333333333333215,1,7,1.6,0
10558,2.0,4.0,5.0,8.0,8.0,,0.0,Extrovert,0.33333333333333215,1,7,1.6,0
11113,1.0,5.0,3.0,8.0,8.0,,0.0,Extrovert,0.33333333333333215,1,7,1.6,0
12100,1.0,6.0,3.0,8.0,7.0,,0.0,Extrovert,0.33333333333333215,1,7,1.6,0
15136,4.0,4.0,7.0,11.0,7.0,,0.0,Extrovert,0.33333333333333215,1,7,1.6,0
15421,3.0,6.0,4.0,10.0,7.0,,0.0,Extrovert,0.33333333333333215,1,7,1.6,0
17995,3.0,6.0,4.0,8.0,8.0,,0.0,Extrovert,0.33333333333333215,1,7,1.6,0
18307,3.0,5.0,6.0,7.0,7.0,,0.0,Extrovert,0.33333333333333215,1,7,1.6,0
18518,3.0,8.0,3.0,5.0,8.0,,0.0,Extrovert,0.3333333333333286,1,7,1.6,0
6775,2.0,4.0,3.0,13.0,8.0,,0.0,Extrovert,0.3333333333333357,1,7,1.6,0
14707,1.0,4.0,6.0,7.0,6.0,,0.0,Extrovert,0.3333333333333357,1,7,1.6,0
14850,2.0,4.0,6.0,11.0,6.0,,0.0,Extrovert,0.3333333333333357,1,7,1.6,0
11044,3.0,3.0,6.0,7.0,3.0,0.0,0.0,Introvert,12.333333333333332,0,10,1.8,1
843,2.0,5.0,6.0,6.0,6.0,,0.0,Extrovert,1.0,1,7,1.6,0
1706,2.0,4.0,5.0,6.0,9.0,,0.0,Extrovert,1.0,1,7,1.6,0
2729,2.0,5.0,5.0,9.0,7.0,,0.0,Extrovert,1.0,1,7,1.6,0
2863,3.0,5.0,5.0,6.0,9.0,,0.0,Extrovert,1.0,1,7,1.6,0
3825,2.0,5.0,3.0,12.0,8.0,,0.0,Extrovert,1.0,1,7,1.6,0
7883,3.0,6.0,3.0,12.0,7.0,,0.0,Extrovert,1.0,1,7,1.6,0
8072,4.0,5.0,6.0,6.0,8.0,,0.0,Extrovert,1.0,1,7,1.6,0
8858,2.0,4.0,5.0,12.0,7.0,,0.0,Extrovert,1.0,1,7,1.6,0
9404,3.0,4.0,5.0,12.0,8.0,,0.0,Extrovert,1.0,1,7,1.6,0
9818,3.0,4.0,4.0,15.0,7.0,,0.0,Introvert,1.0,1,7,1.6,0
11421,3.0,5.0,4.0,6.0,9.0,,0.0,Extrovert,1.0,1,7,1.6,0
11969,0.0,4.0,3.0,12.0,7.0,,0.0,Extrovert,1.0,1,7,1.6,0
12270,3.0,5.0,5.0,12.0,6.0,,0.0,Extrovert,1.0,1,7,1.6,0
14678,2.0,6.0,4.0,6.0,7.0,,0.0,Extrovert,1.0,1,7,1.6,0
14906,2.0,4.0,4.0,15.0,7.0,,0.0,Extrovert,1.0,1,7,1.6,0
16596,3.0,8.0,3.0,6.0,7.0,,0.0,Extrovert,1.0,1,7,1.6,0
766,0.0,4.0,5.0,7.0,7.0,,0.0,Extrovert,1.6666666666666643,1,7,1.6,0
2145,3.0,4.0,7.0,5.0,7.0,,0.0,Extrovert,1.6666666666666714,1,7,1.6,0
2436,0.0,5.0,3.0,5.0,7.0,,0.0,Extrovert,1.6666666666666714,1,7,1.6,0
3960,3.0,4.0,5.0,14.0,6.0,,0.0,Extrovert,1.6666666666666643,1,7,1.6,0
4211,3.0,9.0,4.0,4.0,7.0,,0.0,Extrovert,1.6666666666666679,1,7,1.6,0
4318,4.0,4.0,5.0,10.0,10.0,,0.0,Extrovert,1.6666666666666679,1,7,1.6,0
4781,3.0,7.0,3.0,10.0,8.0,,0.0,Extrovert,1.6666666666666679,1,7,1.6,0
5468,3.0,4.0,6.0,5.0,8.0,,0.0,Extrovert,1.6666666666666714,1,7,1.6,0
7095,3.0,3.0,6.0,8.0,8.0,,0.0,Introvert,1.6666666666666679,1,7,1.6,0
7272,3.0,7.0,3.0,5.0,8.0,,0.0,Extrovert,1.6666666666666714,1,7,1.6,0
8150,3.0,5.0,4.0,8.0,8.0,,0.0,Extrovert,1.6666666666666679,1,7,1.6,0
8999,2.0,6.0,3.0,7.0,9.0,,0.0,Extrovert,1.6666666666666679,1,7,1.6,0
10397,2.0,4.0,5.0,13.0,7.0,,0.0,Extrovert,1.6666666666666643,1,7,1.6,0
13190,2.0,5.0,4.0,10.0,8.0,,0.0,Extrovert,1.6666666666666679,1,7,1.6,0
13328,2.0,5.0,5.0,7.0,8.0,,0.0,Extrovert,1.6666666666666679,1,7,1.6,0
13995,2.0,5.0,4.0,13.0,7.0,,0.0,Extrovert,1.6666666666666643,1,7,1.6,0
14825,3.0,6.0,4.0,13.0,7.0,,0.0,Extrovert,1.6666666666666643,1,7,1.6,0
15799,3.0,6.0,4.0,10.0,8.0,,0.0,Extrovert,1.6666666666666679,1,7,1.6,0
17652,3.0,4.0,5.0,8.0,8.0,,0.0,Extrovert,1.6666666666666679,1,7,1.6,0
17727,1.0,4.0,3.0,8.0,8.0,,0.0,Extrovert,1.6666666666666679,1,7,1.6,0
17950,3.0,5.0,5.0,11.0,6.0,,0.0,Extrovert,1.6666666666666679,1,7,1.6,0
230,3.0,5.0,4.0,11.0,9.0,,0.0,Extrovert,2.333333333333332,1,7,1.6,0
709,3.0,7.0,3.0,8.0,9.0,,0.0,Extrovert,2.333333333333332,1,7,1.6,0
721,3.0,4.0,6.0,10.0,6.0,,0.0,Extrovert,2.333333333333332,1,7,1.6,0
970,2.0,5.0,4.0,14.0,7.0,,0.0,Extrovert,2.3333333333333357,1,7,1.6,0
2045,2.0,5.0,5.0,14.0,6.0,,0.0,Extrovert,2.3333333333333357,1,7,1.6,0
3459,2.0,6.0,3.0,14.0,7.0,,0.0,Extrovert,2.3333333333333357,1,7,1.6,0
