id,Time_spent_Alone,Stage_fear,Social_event_attendance,Going_outside,Drained_after_socializing,Friends_circle_size,Post_frequency,Personality,is_extrovert,high_alone_time,low_social_events,many_friends,high_posting,gets_drained,has_stage_fear,isfj_pattern,infp_pattern,enfj_pattern,typical_introvert_score,typical_extrovert_score,ambiguity_score
107,3.1377639321564557,0.0,4.0,4.0,0.0,5.0,6.0,Extrovert,1,0,1,0,0,0.0,0.0,0,0,0,0.5,0.5,0.0
116,1.0,0.0,4.0,5.0,0.0,8.0,6.0,Extrovert,1,0,1,0,0,0.0,0.0,0,0,0,0.5,0.5,0.0
126,3.0,0.0,4.0,7.0,0.0,7.0,3.0,Extrovert,1,0,1,0,0,0.0,0.0,0,0,0,0.5,0.5,0.0
145,1.0,0.0,4.0,5.0,0.0,8.0,4.982097334878332,Extrovert,1,0,1,0,0,0.0,0.0,0,0,0,0.5,0.5,0.0
149,0.0,0.0,4.0,6.0,0.0,7.996737263880939,3.0,Introvert,0,0,1,0,0,0.0,0.0,0,0,0,0.5,0.5,0.0
154,2.0,0.0,4.0,7.0,0.0,5.0,6.0,Extrovert,1,0,1,0,0,0.0,0.0,0,0,0,0.5,0.5,0.0
196,3.0,0.0,4.0,5.0,0.0,5.0,5.0,Extrovert,1,0,1,0,0,0.0,0.0,0,0,0,0.5,0.5,0.0
200,1.0,0.0,4.0,4.044319380935631,0.0,6.0,4.982097334878332,Extrovert,1,0,1,0,0,0.0,0.0,0,0,0,0.5,0.5,0.0
248,7.0,0.0,4.0,4.0,0.0,7.0,7.0,Extrovert,1,1,1,0,1,0.0,0.0,0,0,0,0.5,0.5,0.0
326,3.0,0.0,3.0,3.0,0.0,6.0,5.0,Extrovert,1,0,1,0,0,0.0,0.0,0,0,0,0.5,0.5,0.0
362,2.0,0.0,4.0,3.0,0.0,4.0,3.0,Extrovert,1,0,1,0,0,0.0,0.0,0,0,0,0.5,0.5,0.0
371,1.0,0.0,3.0,5.0,0.0,6.0,6.0,Extrovert,1,0,1,0,0,0.0,0.0,0,0,0,0.5,0.5,0.0
397,3.0,0.0,3.0,5.0,0.0,5.0,4.982097334878332,Extrovert,1,0,1,0,0,0.0,0.0,0,0,0,0.5,0.5,0.0
414,1.0,0.0,4.0,5.0,0.0,5.0,6.0,Extrovert,1,0,1,0,0,0.0,0.0,0,0,0,0.5,0.5,0.0
437,0.0,0.0,4.0,4.0,0.0,7.0,6.0,Extrovert,1,0,1,0,0,0.0,0.0,0,0,0,0.5,0.5,0.0
453,0.0,0.0,3.0,4.0,0.0,6.0,6.0,Extrovert,1,0,1,0,0,0.0,0.0,0,0,0,0.5,0.5,0.0
456,0.0,0.0,3.0,6.0,0.0,4.0,5.0,Extrovert,1,0,1,0,0,0.0,0.0,0,0,0,0.5,0.5,0.0
482,1.0,0.0,4.0,7.0,0.0,4.0,3.0,Extrovert,1,0,1,0,0,0.0,0.0,0,0,0,0.5,0.5,0.0
488,1.0,0.0,4.0,3.0,0.0,7.0,6.0,Extrovert,1,0,1,0,0,0.0,0.0,0,0,0,0.5,0.5,0.0
515,3.0,0.0,4.0,3.0,0.0,7.0,6.0,Extrovert,1,0,1,0,0,0.0,0.0,0,0,0,0.5,0.5,0.0
525,3.0,0.0,3.0,5.0,0.0,8.0,6.0,Extrovert,1,0,1,0,0,0.0,0.0,0,0,0,0.5,0.5,0.0
587,3.0,0.0,4.0,4.0,0.0,7.0,4.0,Extrovert,1,0,1,0,0,0.0,0.0,0,0,0,0.5,0.5,0.0
616,2.0,0.0,3.0,5.0,0.0,4.0,2.0,Extrovert,1,0,1,0,0,0.0,0.0,0,0,0,0.5,0.5,0.0
696,3.1377639321564557,0.0,3.0,5.0,0.0,7.0,4.0,Extrovert,1,0,1,0,0,0.0,0.0,0,0,0,0.5,0.5,0.0
698,2.0,0.0,3.0,4.0,0.0,4.0,5.0,Extrovert,1,0,1,0,0,0.0,0.0,0,0,0,0.5,0.5,0.0
772,3.0,0.0,4.0,6.0,0.0,5.0,6.0,Extrovert,1,0,1,0,0,0.0,0.0,0,0,0,0.5,0.5,0.0
777,3.0,0.0,4.0,3.0,0.0,6.0,4.0,Extrovert,1,0,1,0,0,0.0,0.0,0,0,0,0.5,0.5,0.0
803,2.0,0.0,3.0,4.0,0.0,8.0,6.0,Extrovert,1,0,1,0,0,0.0,0.0,0,0,0,0.5,0.5,0.0
806,3.0,0.0,4.0,7.0,0.0,6.0,5.0,Extrovert,1,0,1,0,0,0.0,0.0,0,0,0,0.5,0.5,0.0
880,5.0,0.0,0.0,2.0,0.0,3.0,1.0,Extrovert,1,0,1,0,0,0.0,0.0,0,0,0,0.5,0.5,0.0
893,1.0,0.0,4.0,7.0,0.0,6.0,4.0,Extrovert,1,0,1,0,0,0.0,0.0,0,0,0,0.5,0.5,0.0
919,0.0,0.0,3.0,3.0,0.0,7.0,3.0,Extrovert,1,0,1,0,0,0.0,0.0,0,0,0,0.5,0.5,0.0
953,3.0,0.0,4.0,5.0,0.0,5.0,3.0,Extrovert,1,0,1,0,0,0.0,0.0,0,0,0,0.5,0.5,0.0
973,3.0,0.0,4.0,6.0,0.0,4.0,4.0,Extrovert,1,0,1,0,0,0.0,0.0,0,0,0,0.5,0.5,0.0
980,3.0,0.0,4.0,4.0,0.0,6.0,4.982097334878332,Extrovert,1,0,1,0,0,0.0,0.0,0,0,0,0.5,0.5,0.0
983,3.1377639321564557,0.0,3.0,5.0,0.0,6.0,4.0,Extrovert,1,0,1,0,0,0.0,0.0,0,0,0,0.5,0.5,0.0
986,1.0,0.0,3.0,6.0,0.0,7.0,4.0,Extrovert,1,0,1,0,0,0.0,0.0,0,0,0,0.5,0.5,0.0
988,1.0,0.0,4.0,5.0,0.0,5.0,3.0,Extrovert,1,0,1,0,0,0.0,0.0,0,0,0,0.5,0.5,0.0
1132,3.0,0.0,3.0,3.0,0.0,4.0,6.0,Extrovert,1,0,1,0,0,0.0,0.0,0,0,0,0.5,0.5,0.0
1161,0.0,0.0,4.0,6.0,0.0,7.0,4.0,Extrovert,1,0,1,0,0,0.0,0.0,0,0,0,0.5,0.5,0.0
1191,4.0,0.0,4.0,7.0,0.0,6.0,3.0,Extrovert,1,0,1,0,0,0.0,0.0,0,0,0,0.5,0.5,0.0
1228,2.0,0.0,3.0,4.0,0.0,6.0,3.0,Extrovert,1,0,1,0,0,0.0,0.0,0,0,0,0.5,0.5,0.0
1267,2.0,0.0,4.0,5.0,0.0,4.0,4.0,Extrovert,1,0,1,0,0,0.0,0.0,0,0,0,0.5,0.5,0.0
1283,1.0,0.0,4.0,7.0,0.0,6.0,5.0,Extrovert,1,0,1,0,0,0.0,0.0,0,0,0,0.5,0.5,0.0
1304,0.0,0.0,4.0,3.0,0.0,7.996737263880939,5.0,Extrovert,1,0,1,0,0,0.0,0.0,0,0,0,0.5,0.5,0.0
1317,0.0,0.0,3.0,7.0,0.0,6.0,6.0,Extrovert,1,0,1,0,0,0.0,0.0,0,0,0,0.5,0.5,0.0
1381,2.0,0.0,3.0,4.0,0.0,8.0,3.0,Extrovert,1,0,1,0,0,0.0,0.0,0,0,0,0.5,0.5,0.0
1398,3.1377639321564557,0.0,4.0,3.0,0.0,5.0,2.0,Extrovert,1,0,1,0,0,0.0,0.0,0,0,0,0.5,0.5,0.0
1400,3.0,0.0,4.0,7.0,0.0,8.0,3.0,Extrovert,1,0,1,0,0,0.0,0.0,0,0,0,0.5,0.5,0.0
1426,0.0,0.0,3.0,5.0,0.0,8.0,6.0,Extrovert,1,0,1,0,0,0.0,0.0,0,0,0,0.5,0.5,0.0
1513,3.1377639321564557,0.0,3.0,5.0,0.0,4.0,4.0,Extrovert,1,0,1,0,0,0.0,0.0,0,0,0,0.5,0.5,0.0
1521,2.0,0.0,4.0,6.0,0.0,7.0,6.0,Extrovert,1,0,1,0,0,0.0,0.0,0,0,0,0.5,0.5,0.0
1541,3.1377639321564557,0.0,4.0,6.0,0.0,6.0,3.0,Extrovert,1,0,1,0,0,0.0,0.0,0,0,0,0.5,0.5,0.0
1585,2.0,0.0,4.0,7.0,0.0,6.0,4.0,Introvert,0,0,1,0,0,0.0,0.0,0,0,0,0.5,0.5,0.0
1603,3.0,0.0,4.0,3.0,0.0,6.0,6.0,Extrovert,1,0,1,0,0,0.0,0.0,0,0,0,0.5,0.5,0.0
1612,2.0,0.0,4.0,5.0,0.0,7.996737263880939,5.0,Extrovert,1,0,1,0,0,0.0,0.0,0,0,0,0.5,0.5,0.0
1626,7.0,0.0,7.0,4.0,0.0,8.0,6.0,Extrovert,1,1,0,0,0,0.0,0.0,0,0,0,0.5,0.5,0.0
1631,1.0,0.0,4.0,4.0,0.0,5.0,5.0,Extrovert,1,0,1,0,0,0.0,0.0,0,0,0,0.5,0.5,0.0
1656,3.0,0.0,3.0,5.0,0.0,8.0,3.0,Extrovert,1,0,1,0,0,0.0,0.0,0,0,0,0.5,0.5,0.0
1690,2.0,0.0,4.0,6.0,0.0,6.0,3.0,Extrovert,1,0,1,0,0,0.0,0.0,0,0,0,0.5,0.5,0.0
1691,0.0,0.0,3.0,5.0,0.0,6.0,3.0,Extrovert,1,0,1,0,0,0.0,0.0,0,0,0,0.5,0.5,0.0
1722,3.0,0.0,4.0,7.0,0.0,7.996737263880939,6.0,Extrovert,1,0,1,0,0,0.0,0.0,0,0,0,0.5,0.5,0.0
1766,1.0,0.0,3.0,4.044319380935631,0.0,6.0,3.0,Introvert,0,0,1,0,0,0.0,0.0,0,0,0,0.5,0.5,0.0
1773,3.0,0.0,3.0,5.0,0.0,6.0,5.0,Extrovert,1,0,1,0,0,0.0,0.0,0,0,0,0.5,0.5,0.0
1899,0.0,0.0,3.0,4.0,0.0,5.0,5.0,Extrovert,1,0,1,0,0,0.0,0.0,0,0,0,0.5,0.5,0.0
1912,3.0,0.0,3.0,4.0,0.0,8.0,5.0,Extrovert,1,0,1,0,0,0.0,0.0,0,0,0,0.5,0.5,0.0
1917,3.0,0.0,4.0,4.0,0.0,4.0,3.0,Extrovert,1,0,1,0,0,0.0,0.0,0,0,0,0.5,0.5,0.0
1938,2.0,0.0,4.0,6.0,0.0,4.0,4.0,Extrovert,1,0,1,0,0,0.0,0.0,0,0,0,0.5,0.5,0.0
1942,2.0,0.0,3.0,7.0,0.0,4.0,6.0,Extrovert,1,0,1,0,0,0.0,0.0,0,0,0,0.5,0.5,0.0
1943,0.0,0.0,3.0,6.0,0.0,5.0,4.0,Extrovert,1,0,1,0,0,0.0,0.0,0,0,0,0.5,0.5,0.0
1981,1.0,0.0,4.0,6.0,0.0,4.0,5.0,Extrovert,1,0,1,0,0,0.0,0.0,0,0,0,0.5,0.5,0.0
1992,3.0,0.0,4.0,3.0,0.0,6.0,5.0,Extrovert,1,0,1,0,0,0.0,0.0,0,0,0,0.5,0.5,0.0
2027,2.0,0.0,4.0,6.0,0.0,6.0,6.0,Extrovert,1,0,1,0,0,0.0,0.0,0,0,0,0.5,0.5,0.0
2074,0.0,0.0,4.0,4.044319380935631,0.0,7.0,4.0,Extrovert,1,0,1,0,0,0.0,0.0,0,0,0,0.5,0.5,0.0
2080,3.0,0.0,3.0,6.0,0.0,5.0,3.0,Extrovert,1,0,1,0,0,0.0,0.0,0,0,0,0.5,0.5,0.0
2108,1.0,0.0,4.0,6.0,0.0,8.0,6.0,Extrovert,1,0,1,0,0,0.0,0.0,0,0,0,0.5,0.5,0.0
2168,0.0,0.0,4.0,5.0,0.0,4.0,3.0,Extrovert,1,0,1,0,0,0.0,0.0,0,0,0,0.5,0.5,0.0
2188,3.0,0.0,4.0,6.0,0.0,3.0,4.0,Extrovert,1,0,1,0,0,0.0,0.0,0,0,0,0.5,0.5,0.0
2190,2.0,0.0,4.0,6.0,0.0,7.996737263880939,6.0,Extrovert,1,0,1,0,0,0.0,0.0,0,0,0,0.5,0.5,0.0
2206,0.0,0.0,4.0,4.0,0.0,8.0,4.0,Extrovert,1,0,1,0,0,0.0,0.0,0,0,0,0.5,0.5,0.0
2214,4.0,0.0,3.0,3.0,0.0,4.0,2.0,Extrovert,1,0,1,0,0,0.0,0.0,0,0,0,0.5,0.5,0.0
2225,0.0,0.0,3.0,5.0,0.0,7.0,4.0,Extrovert,1,0,1,0,0,0.0,0.0,0,0,0,0.5,0.5,0.0
2262,3.0,0.0,4.0,5.0,0.0,4.0,3.0,Extrovert,1,0,1,0,0,0.0,0.0,0,0,0,0.5,0.5,0.0
2271,3.0,0.0,3.0,5.0,0.0,7.0,3.0,Extrovert,1,0,1,0,0,0.0,0.0,0,0,0,0.5,0.5,0.0
2277,0.0,0.0,4.0,4.044319380935631,0.0,8.0,6.0,Extrovert,1,0,1,0,0,0.0,0.0,0,0,0,0.5,0.5,0.0
2353,0.0,0.0,4.0,7.0,0.0,8.0,4.982097334878332,Extrovert,1,0,1,0,0,0.0,0.0,0,0,0,0.5,0.5,0.0
2383,1.0,0.0,4.0,4.0,0.0,4.0,4.0,Extrovert,1,0,1,0,0,0.0,0.0,0,0,0,0.5,0.5,0.0
2397,0.0,0.0,4.0,4.044319380935631,0.0,8.0,4.0,Extrovert,1,0,1,0,0,0.0,0.0,0,0,0,0.5,0.5,0.0
2435,0.0,0.0,4.0,4.044319380935631,0.0,8.0,3.0,Extrovert,1,0,1,0,0,0.0,0.0,0,0,0,0.5,0.5,0.0
2457,0.0,0.0,3.0,5.0,0.0,5.0,3.0,Extrovert,1,0,1,0,0,0.0,0.0,0,0,0,0.5,0.5,0.0
2464,6.0,0.0,5.0,4.0,0.0,5.0,5.0,Extrovert,1,1,0,0,0,0.0,0.0,0,0,0,0.5,0.5,0.0
2467,3.1377639321564557,0.0,4.0,5.0,0.0,8.0,4.0,Extrovert,1,0,1,0,0,0.0,0.0,0,0,0,0.5,0.5,0.0
2488,1.0,0.0,4.0,7.0,0.0,8.0,5.0,Extrovert,1,0,1,0,0,0.0,0.0,0,0,0,0.5,0.5,0.0
2491,0.0,0.0,4.0,4.0,0.0,8.0,4.982097334878332,Extrovert,1,0,1,0,0,0.0,0.0,0,0,0,0.5,0.5,0.0
2539,3.0,0.0,4.0,3.0,0.0,5.0,6.0,Extrovert,1,0,1,0,0,0.0,0.0,0,0,0,0.5,0.5,0.0
2546,4.0,0.0,3.0,5.0,0.0,1.0,5.0,Introvert,0,0,1,0,0,0.0,0.0,0,0,0,0.5,0.5,0.0
2550,1.0,0.0,3.0,4.0,0.0,7.0,3.0,Extrovert,1,0,1,0,0,0.0,0.0,0,0,0,0.5,0.5,0.0
2558,1.0,0.0,4.0,4.0,0.0,4.0,6.0,Extrovert,1,0,1,0,0,0.0,0.0,0,0,0,0.5,0.5,0.0
2574,3.0,0.0,4.0,4.0,0.0,5.0,5.0,Extrovert,1,0,1,0,0,0.0,0.0,0,0,0,0.5,0.5,0.0
2622,3.0,0.0,4.0,3.0,0.0,7.996737263880939,6.0,Extrovert,1,0,1,0,0,0.0,0.0,0,0,0,0.5,0.5,0.0
2649,1.0,0.0,4.0,5.0,0.0,7.996737263880939,3.0,Extrovert,1,0,1,0,0,0.0,0.0,0,0,0,0.5,0.5,0.0
2681,2.0,0.0,4.0,6.0,0.0,4.0,5.0,Extrovert,1,0,1,0,0,0.0,0.0,0,0,0,0.5,0.5,0.0
2694,2.0,0.0,4.0,7.0,0.0,4.0,6.0,Introvert,0,0,1,0,0,0.0,0.0,0,0,0,0.5,0.5,0.0
2719,3.0,0.0,4.0,4.0,0.0,4.0,6.0,Extrovert,1,0,1,0,0,0.0,0.0,0,0,0,0.5,0.5,0.0
2781,0.0,0.0,2.0,5.0,0.0,5.0,3.0,Extrovert,1,0,1,0,0,0.0,0.0,0,0,0,0.5,0.5,0.0
2809,0.0,0.5,9.0,2.0,0.5,5.0,2.0,Extrovert,1,0,0,0,0,0.5,0.5,0,0,0,0.5,0.5,0.0
2819,0.0,0.0,3.0,4.044319380935631,0.0,7.0,3.0,Extrovert,1,0,1,0,0,0.0,0.0,0,0,0,0.5,0.5,0.0
2897,2.0,0.0,4.0,4.0,0.0,7.0,4.982097334878332,Extrovert,1,0,1,0,0,0.0,0.0,0,0,0,0.5,0.5,0.0
2964,0.0,0.0,3.0,4.0,0.0,7.0,3.0,Extrovert,1,0,1,0,0,0.0,0.0,0,0,0,0.5,0.5,0.0
3022,0.0,0.0,3.0,5.0,0.0,4.0,6.0,Extrovert,1,0,1,0,0,0.0,0.0,0,0,0,0.5,0.5,0.0
3051,3.0,0.0,4.0,3.0,0.0,7.996737263880939,5.0,Extrovert,1,0,1,0,0,0.0,0.0,0,0,0,0.5,0.5,0.0
3052,1.0,0.0,4.0,5.0,0.0,4.0,5.0,Extrovert,1,0,1,0,0,0.0,0.0,0,0,0,0.5,0.5,0.0
3133,2.0,0.0,4.0,4.044319380935631,0.0,6.0,4.982097334878332,Extrovert,1,0,1,0,0,0.0,0.0,0,0,0,0.5,0.5,0.0
3207,3.1377639321564557,0.0,3.0,7.0,0.0,0.0,5.0,Extrovert,1,0,1,0,0,0.0,0.0,0,0,0,0.5,0.5,0.0
3220,1.0,0.0,4.0,4.0,0.0,6.0,6.0,Extrovert,1,0,1,0,0,0.0,0.0,0,0,0,0.5,0.5,0.0
3254,2.0,0.0,4.0,4.0,0.0,5.0,5.0,Extrovert,1,0,1,0,0,0.0,0.0,0,0,0,0.5,0.5,0.0
3260,3.0,0.0,4.0,3.0,0.0,5.0,3.0,Extrovert,1,0,1,0,0,0.0,0.0,0,0,0,0.5,0.5,0.0
3266,2.0,0.0,4.0,5.0,0.0,8.0,4.982097334878332,Extrovert,1,0,1,0,0,0.0,0.0,0,0,0,0.5,0.5,0.0
3275,0.0,0.0,4.0,4.0,0.0,6.0,6.0,Extrovert,1,0,1,0,0,0.0,0.0,0,0,0,0.5,0.5,0.0
3305,2.0,0.0,3.0,3.0,0.0,6.0,6.0,Extrovert,1,0,1,0,0,0.0,0.0,0,0,0,0.5,0.5,0.0
3310,3.0,0.0,3.0,4.044319380935631,0.0,4.0,2.0,Extrovert,1,0,1,0,0,0.0,0.0,0,0,0,0.5,0.5,0.0
3341,0.0,0.0,4.0,3.0,0.0,8.0,6.0,Extrovert,1,0,1,0,0,0.0,0.0,0,0,0,0.5,0.5,0.0
3373,1.0,0.0,3.0,6.0,0.0,5.0,4.982097334878332,Extrovert,1,0,1,0,0,0.0,0.0,0,0,0,0.5,0.5,0.0
3377,1.0,0.0,4.0,4.0,0.0,7.996737263880939,5.0,Extrovert,1,0,1,0,0,0.0,0.0,0,0,0,0.5,0.5,0.0
3408,3.1377639321564557,0.0,4.0,5.0,0.0,6.0,3.0,Extrovert,1,0,1,0,0,0.0,0.0,0,0,0,0.5,0.5,0.0
3426,3.0,0.0,4.0,3.0,0.0,7.0,4.0,Extrovert,1,0,1,0,0,0.0,0.0,0,0,0,0.5,0.5,0.0
3428,1.0,0.0,4.0,6.0,0.0,6.0,4.982097334878332,Extrovert,1,0,1,0,0,0.0,0.0,0,0,0,0.5,0.5,0.0
3430,0.0,0.0,3.0,6.0,0.0,6.0,3.0,Extrovert,1,0,1,0,0,0.0,0.0,0,0,0,0.5,0.5,0.0
3432,0.0,0.0,4.0,4.044319380935631,0.0,7.0,6.0,Extrovert,1,0,1,0,0,0.0,0.0,0,0,0,0.5,0.5,0.0
3437,0.0,0.0,4.0,4.044319380935631,0.0,5.0,3.0,Extrovert,1,0,1,0,0,0.0,0.0,0,0,0,0.5,0.5,0.0
3440,0.0,0.0,4.0,5.0,0.0,5.0,5.0,Extrovert,1,0,1,0,0,0.0,0.0,0,0,0,0.5,0.5,0.0
3460,0.0,0.0,4.0,6.0,0.0,4.0,4.0,Extrovert,1,0,1,0,0,0.0,0.0,0,0,0,0.5,0.5,0.0
3465,2.0,0.0,3.0,4.0,0.0,8.0,4.0,Extrovert,1,0,1,0,0,0.0,0.0,0,0,0,0.5,0.5,0.0
3480,11.0,0.0,10.0,4.0,0.0,6.0,5.0,Extrovert,1,1,0,0,0,0.0,0.0,0,0,0,0.5,0.5,0.0
3490,0.0,0.0,4.0,4.0,0.0,4.0,4.0,Extrovert,1,0,1,0,0,0.0,0.0,0,0,0,0.5,0.5,0.0
3504,3.0,0.0,1.0,6.0,0.0,4.0,4.982097334878332,Extrovert,1,0,1,0,0,0.0,0.0,0,0,0,0.5,0.5,0.0
3529,3.0,0.0,4.0,4.044319380935631,0.0,6.0,6.0,Extrovert,1,0,1,0,0,0.0,0.0,0,0,0,0.5,0.5,0.0
3564,4.0,0.0,4.0,5.0,0.0,1.0,6.0,Extrovert,1,0,1,0,0,0.0,0.0,0,0,0,0.5,0.5,0.0
3576,1.0,0.0,4.0,3.0,0.0,7.0,5.0,Extrovert,1,0,1,0,0,0.0,0.0,0,0,0,0.5,0.5,0.0
3585,9.0,0.0,8.0,4.0,0.0,7.0,4.982097334878332,Extrovert,1,1,0,0,0,0.0,0.0,0,0,0,0.5,0.5,0.0
3613,2.0,0.0,4.0,7.0,0.0,7.0,6.0,Extrovert,1,0,1,0,0,0.0,0.0,0,0,0,0.5,0.5,0.0
3619,3.0,0.0,4.0,5.0,0.0,8.0,4.982097334878332,Extrovert,1,0,1,0,0,0.0,0.0,0,0,0,0.5,0.5,0.0
3633,1.0,0.0,3.0,4.0,0.0,6.0,5.0,Extrovert,1,0,1,0,0,0.0,0.0,0,0,0,0.5,0.5,0.0
3676,0.0,0.0,4.0,5.0,0.0,8.0,4.0,Extrovert,1,0,1,0,0,0.0,0.0,0,0,0,0.5,0.5,0.0
3680,1.0,0.0,3.0,7.0,0.0,7.0,3.0,Introvert,0,0,1,0,0,0.0,0.0,0,0,0,0.5,0.5,0.0
3688,1.0,0.0,3.0,5.0,0.0,4.0,6.0,Extrovert,1,0,1,0,0,0.0,0.0,0,0,0,0.5,0.5,0.0
3703,2.0,0.0,4.0,7.0,0.0,8.0,5.0,Extrovert,1,0,1,0,0,0.0,0.0,0,0,0,0.5,0.5,0.0
3716,2.0,0.0,3.0,6.0,0.0,7.0,4.0,Extrovert,1,0,1,0,0,0.0,0.0,0,0,0,0.5,0.5,0.0
3729,3.0,0.0,4.0,6.0,0.0,7.996737263880939,6.0,Extrovert,1,0,1,0,0,0.0,0.0,0,0,0,0.5,0.5,0.0
3742,3.0,0.0,4.0,4.044319380935631,0.0,8.0,4.982097334878332,Extrovert,1,0,1,0,0,0.0,0.0,0,0,0,0.5,0.5,0.0
3758,1.0,0.0,4.0,5.0,0.0,5.0,4.982097334878332,Extrovert,1,0,1,0,0,0.0,0.0,0,0,0,0.5,0.5,0.0
3765,1.0,0.0,4.0,6.0,0.0,4.0,3.0,Extrovert,1,0,1,0,0,0.0,0.0,0,0,0,0.5,0.5,0.0
3769,2.0,0.0,4.0,5.0,0.0,8.0,4.0,Extrovert,1,0,1,0,0,0.0,0.0,0,0,0,0.5,0.5,0.0
3791,0.0,0.0,4.0,5.0,0.0,6.0,4.0,Extrovert,1,0,1,0,0,0.0,0.0,0,0,0,0.5,0.5,0.0
3826,2.0,0.0,4.0,5.0,0.0,4.0,3.0,Extrovert,1,0,1,0,0,0.0,0.0,0,0,0,0.5,0.5,0.0
3850,1.0,0.0,4.0,4.0,0.0,4.0,3.0,Extrovert,1,0,1,0,0,0.0,0.0,0,0,0,0.5,0.5,0.0
3860,0.0,0.0,3.0,5.0,0.0,8.0,5.0,Extrovert,1,0,1,0,0,0.0,0.0,0,0,0,0.5,0.5,0.0
3916,2.0,0.0,4.0,6.0,0.0,8.0,4.982097334878332,Extrovert,1,0,1,0,0,0.0,0.0,0,0,0,0.5,0.5,0.0
3932,1.0,0.0,4.0,3.0,0.0,4.0,3.0,Extrovert,1,0,1,0,0,0.0,0.0,0,0,0,0.5,0.5,0.0
3975,0.0,0.0,4.0,5.0,0.0,4.0,4.0,Extrovert,1,0,1,0,0,0.0,0.0,0,0,0,0.5,0.5,0.0
4019,0.0,0.0,3.0,4.0,0.0,5.0,6.0,Extrovert,1,0,1,0,0,0.0,0.0,0,0,0,0.5,0.5,0.0
4064,2.0,0.0,4.0,3.0,0.0,5.0,6.0,Extrovert,1,0,1,0,0,0.0,0.0,0,0,0,0.5,0.5,0.0
4086,1.0,0.0,4.0,6.0,0.0,7.996737263880939,4.982097334878332,Extrovert,1,0,1,0,0,0.0,0.0,0,0,0,0.5,0.5,0.0
4088,3.0,0.0,4.0,5.0,0.0,6.0,5.0,Extrovert,1,0,1,0,0,0.0,0.0,0,0,0,0.5,0.5,0.0
4158,1.0,0.0,4.0,4.044319380935631,0.0,8.0,4.0,Extrovert,1,0,1,0,0,0.0,0.0,0,0,0,0.5,0.5,0.0
4173,0.0,0.0,4.0,3.0,0.0,6.0,3.0,Extrovert,1,0,1,0,0,0.0,0.0,0,0,0,0.5,0.5,0.0
4176,1.0,0.0,3.0,6.0,0.0,5.0,3.0,Extrovert,1,0,1,0,0,0.0,0.0,0,0,0,0.5,0.5,0.0
4189,1.0,0.0,3.0,5.0,0.0,7.0,3.0,Extrovert,1,0,1,0,0,0.0,0.0,0,0,0,0.5,0.5,0.0
4223,2.0,0.0,4.0,6.0,0.0,8.0,5.0,Introvert,0,0,1,0,0,0.0,0.0,0,0,0,0.5,0.5,0.0
4242,3.0,0.0,3.0,6.0,0.0,4.0,6.0,Extrovert,1,0,1,0,0,0.0,0.0,0,0,0,0.5,0.5,0.0
4243,3.0,0.0,4.0,6.0,0.0,6.0,4.982097334878332,Extrovert,1,0,1,0,0,0.0,0.0,0,0,0,0.5,0.5,0.0
4308,0.0,0.0,4.0,4.0,0.0,7.996737263880939,6.0,Extrovert,1,0,1,0,0,0.0,0.0,0,0,0,0.5,0.5,0.0
4348,2.0,0.0,3.0,5.0,0.0,5.0,3.0,Extrovert,1,0,1,0,0,0.0,0.0,0,0,0,0.5,0.5,0.0
4362,3.1377639321564557,0.0,4.0,4.044319380935631,0.0,8.0,5.0,Extrovert,1,0,1,0,0,0.0,0.0,0,0,0,0.5,0.5,0.0
4387,1.0,0.0,4.0,3.0,0.0,8.0,4.982097334878332,Extrovert,1,0,1,0,0,0.0,0.0,0,0,0,0.5,0.5,0.0
4393,0.0,0.0,4.0,5.0,0.0,4.0,5.0,Extrovert,1,0,1,0,0,0.0,0.0,0,0,0,0.5,0.5,0.0
4425,3.0,0.0,4.0,4.0,0.0,8.0,5.0,Extrovert,1,0,1,0,0,0.0,0.0,0,0,0,0.5,0.5,0.0
4436,0.0,0.0,4.0,6.0,0.0,7.996737263880939,6.0,Extrovert,1,0,1,0,0,0.0,0.0,0,0,0,0.5,0.5,0.0
4445,1.0,0.0,4.0,3.0,0.0,7.996737263880939,5.0,Extrovert,1,0,1,0,0,0.0,0.0,0,0,0,0.5,0.5,0.0
4487,3.1377639321564557,0.0,3.0,6.0,0.0,4.0,5.0,Extrovert,1,0,1,0,0,0.0,0.0,0,0,0,0.5,0.5,0.0
4505,3.0,0.0,4.0,7.0,0.0,6.0,4.0,Extrovert,1,0,1,0,0,0.0,0.0,0,0,0,0.5,0.5,0.0
4550,1.0,0.0,4.0,6.0,0.0,6.0,3.0,Extrovert,1,0,1,0,0,0.0,0.0,0,0,0,0.5,0.5,0.0
4645,0.0,0.0,4.0,5.0,0.0,7.0,4.982097334878332,Extrovert,1,0,1,0,0,0.0,0.0,0,0,0,0.5,0.5,0.0
4649,3.0,0.0,4.0,5.0,0.0,8.0,6.0,Extrovert,1,0,1,0,0,0.0,0.0,0,0,0,0.5,0.5,0.0
4685,2.0,0.0,4.0,4.0,0.0,8.0,4.0,Extrovert,1,0,1,0,0,0.0,0.0,0,0,0,0.5,0.5,0.0
4721,2.0,0.0,4.0,7.0,0.0,8.0,4.0,Extrovert,1,0,1,0,0,0.0,0.0,0,0,0,0.5,0.5,0.0
4727,1.0,0.0,3.0,6.0,0.0,7.996737263880939,3.0,Extrovert,1,0,1,0,0,0.0,0.0,0,0,0,0.5,0.5,0.0
4830,1.0,0.0,3.0,6.0,0.0,1.0,4.0,Introvert,0,0,1,0,0,0.0,0.0,0,0,0,0.5,0.5,0.0
4834,2.0,0.0,3.0,7.0,0.0,6.0,3.0,Extrovert,1,0,1,0,0,0.0,0.0,0,0,0,0.5,0.5,0.0
4846,0.0,0.0,4.0,6.0,0.0,8.0,4.0,Extrovert,1,0,1,0,0,0.0,0.0,0,0,0,0.5,0.5,0.0
4854,1.0,0.0,4.0,6.0,0.0,7.0,6.0,Extrovert,1,0,1,0,0,0.0,0.0,0,0,0,0.5,0.5,0.0
4892,1.0,0.0,3.0,7.0,0.0,8.0,3.0,Extrovert,1,0,1,0,0,0.0,0.0,0,0,0,0.5,0.5,0.0
4930,2.0,0.0,3.0,5.0,0.0,7.0,4.982097334878332,Extrovert,1,0,1,0,0,0.0,0.0,0,0,0,0.5,0.5,0.0
4934,3.1377639321564557,0.0,4.0,4.0,0.0,7.0,6.0,Extrovert,1,0,1,0,0,0.0,0.0,0,0,0,0.5,0.5,0.0
4944,1.0,0.0,4.0,4.0,0.0,6.0,4.982097334878332,Extrovert,1,0,1,0,0,0.0,0.0,0,0,0,0.5,0.5,0.0
4966,2.0,0.0,4.0,5.0,0.0,5.0,6.0,Extrovert,1,0,1,0,0,0.0,0.0,0,0,0,0.5,0.5,0.0
4992,3.0,0.0,4.0,4.0,0.0,7.996737263880939,6.0,Extrovert,1,0,1,0,0,0.0,0.0,0,0,0,0.5,0.5,0.0
5001,0.0,0.0,4.0,4.0,0.0,6.0,4.0,Extrovert,1,0,1,0,0,0.0,0.0,0,0,0,0.5,0.5,0.0
5048,3.0,0.0,4.0,5.0,0.0,8.0,3.0,Introvert,0,0,1,0,0,0.0,0.0,0,0,0,0.5,0.5,0.0
5066,11.0,0.0,8.0,4.0,0.0,4.0,5.0,Extrovert,1,1,0,0,0,0.0,0.0,0,0,0,0.5,0.5,0.0
5073,0.0,0.0,4.0,4.0,0.0,4.0,5.0,Extrovert,1,0,1,0,0,0.0,0.0,0,0,0,0.5,0.5,0.0
5080,1.0,0.0,4.0,4.0,0.0,7.996737263880939,3.0,Extrovert,1,0,1,0,0,0.0,0.0,0,0,0,0.5,0.5,0.0
5088,0.0,0.0,4.0,6.0,0.0,7.0,6.0,Extrovert,1,0,1,0,0,0.0,0.0,0,0,0,0.5,0.5,0.0
5101,2.0,0.0,4.0,3.0,0.0,7.0,6.0,Extrovert,1,0,1,0,0,0.0,0.0,0,0,0,0.5,0.5,0.0
5131,0.0,0.0,4.0,4.0,0.0,5.0,4.982097334878332,Extrovert,1,0,1,0,0,0.0,0.0,0,0,0,0.5,0.5,0.0
5141,3.0,0.0,3.0,6.0,0.0,5.0,6.0,Extrovert,1,0,1,0,0,0.0,0.0,0,0,0,0.5,0.5,0.0
5146,2.0,0.0,3.0,3.0,0.0,7.0,6.0,Extrovert,1,0,1,0,0,0.0,0.0,0,0,0,0.5,0.5,0.0
5166,0.0,0.0,3.0,7.0,0.0,8.0,4.0,Extrovert,1,0,1,0,0,0.0,0.0,0,0,0,0.5,0.5,0.0
5172,2.0,0.0,4.0,5.0,0.0,4.0,5.0,Extrovert,1,0,1,0,0,0.0,0.0,0,0,0,0.5,0.5,0.0
5175,2.0,0.0,4.0,4.0,0.0,8.0,4.982097334878332,Extrovert,1,0,1,0,0,0.0,0.0,0,0,0,0.5,0.5,0.0
5206,0.0,0.0,4.0,4.044319380935631,0.0,6.0,4.0,Extrovert,1,0,1,0,0,0.0,0.0,0,0,0,0.5,0.5,0.0
5222,0.0,0.0,3.0,6.0,0.0,4.0,4.0,Extrovert,1,0,1,0,0,0.0,0.0,0,0,0,0.5,0.5,0.0
5249,1.0,0.0,3.0,5.0,0.0,8.0,6.0,Extrovert,1,0,1,0,0,0.0,0.0,0,0,0,0.5,0.5,0.0
5255,1.0,0.0,3.0,5.0,0.0,4.0,3.0,Extrovert,1,0,1,0,0,0.0,0.0,0,0,0,0.5,0.5,0.0
5293,2.0,0.0,4.0,3.0,0.0,7.0,5.0,Extrovert,1,0,1,0,0,0.0,0.0,0,0,0,0.5,0.5,0.0
5410,0.0,0.0,4.0,7.0,0.0,7.996737263880939,3.0,Extrovert,1,0,1,0,0,0.0,0.0,0,0,0,0.5,0.5,0.0
5416,3.0,0.0,3.0,6.0,0.0,5.0,5.0,Extrovert,1,0,1,0,0,0.0,0.0,0,0,0,0.5,0.5,0.0
5419,4.0,0.0,3.0,5.0,0.0,6.0,6.0,Extrovert,1,0,1,0,0,0.0,0.0,0,0,0,0.5,0.5,0.0
5423,2.0,0.0,4.0,5.0,0.0,8.0,6.0,Extrovert,1,0,1,0,0,0.0,0.0,0,0,0,0.5,0.5,0.0
5431,1.0,0.0,4.0,6.0,0.0,8.0,4.982097334878332,Extrovert,1,0,1,0,0,0.0,0.0,0,0,0,0.5,0.5,0.0
5436,3.0,0.0,4.0,4.0,0.0,8.0,4.982097334878332,Extrovert,1,0,1,0,0,0.0,0.0,0,0,0,0.5,0.5,0.0
5484,0.0,0.0,4.0,5.0,0.0,8.0,5.0,Extrovert,1,0,1,0,0,0.0,0.0,0,0,0,0.5,0.5,0.0
5531,2.0,0.0,4.0,6.0,0.0,6.0,5.0,Extrovert,1,0,1,0,0,0.0,0.0,0,0,0,0.5,0.5,0.0
5571,3.0,0.0,3.0,7.0,0.0,5.0,5.0,Extrovert,1,0,1,0,0,0.0,0.0,0,0,0,0.5,0.5,0.0
5586,3.0,0.0,3.0,4.0,0.0,4.0,5.0,Extrovert,1,0,1,0,0,0.0,0.0,0,0,0,0.5,0.5,0.0
5603,0.0,0.0,3.0,6.0,0.0,4.0,3.0,Extrovert,1,0,1,0,0,0.0,0.0,0,0,0,0.5,0.5,0.0
5609,0.0,0.0,3.0,7.0,0.0,6.0,4.0,Extrovert,1,0,1,0,0,0.0,0.0,0,0,0,0.5,0.5,0.0
5635,2.0,0.0,3.0,7.0,0.0,8.0,3.0,Extrovert,1,0,1,0,0,0.0,0.0,0,0,0,0.5,0.5,0.0
5646,4.0,0.0,3.0,3.0,0.0,5.0,5.0,Extrovert,1,0,1,0,0,0.0,0.0,0,0,0,0.5,0.5,0.0
5656,0.0,0.0,4.0,4.0,0.0,5.0,6.0,Extrovert,1,0,1,0,0,0.0,0.0,0,0,0,0.5,0.5,0.0
5675,2.0,0.0,4.0,4.0,0.0,7.996737263880939,4.0,Extrovert,1,0,1,0,0,0.0,0.0,0,0,0,0.5,0.5,0.0
5683,2.0,0.0,4.0,3.0,0.0,4.0,5.0,Extrovert,1,0,1,0,0,0.0,0.0,0,0,0,0.5,0.5,0.0
5688,1.0,0.0,4.0,6.0,0.0,8.0,3.0,Extrovert,1,0,1,0,0,0.0,0.0,0,0,0,0.5,0.5,0.0
5729,0.0,0.0,4.0,7.0,0.0,4.0,3.0,Extrovert,1,0,1,0,0,0.0,0.0,0,0,0,0.5,0.5,0.0
5804,0.0,0.0,3.0,6.0,0.0,7.0,4.0,Extrovert,1,0,1,0,0,0.0,0.0,0,0,0,0.5,0.5,0.0
5812,0.0,0.0,4.0,6.0,0.0,7.0,4.982097334878332,Extrovert,1,0,1,0,0,0.0,0.0,0,0,0,0.5,0.5,0.0
5842,3.0,0.0,4.0,7.0,0.0,8.0,4.982097334878332,Extrovert,1,0,1,0,0,0.0,0.0,0,0,0,0.5,0.5,0.0
5878,3.0,0.0,4.0,4.0,0.0,5.0,4.982097334878332,Extrovert,1,0,1,0,0,0.0,0.0,0,0,0,0.5,0.5,0.0
5913,0.0,0.0,4.0,5.0,0.0,7.0,3.0,Extrovert,1,0,1,0,0,0.0,0.0,0,0,0,0.5,0.5,0.0
5939,1.0,0.0,3.0,4.0,0.0,8.0,5.0,Extrovert,1,0,1,0,0,0.0,0.0,0,0,0,0.5,0.5,0.0
6005,1.0,0.0,4.0,5.0,0.0,8.0,5.0,Extrovert,1,0,1,0,0,0.0,0.0,0,0,0,0.5,0.5,0.0
6046,1.0,0.0,4.0,4.044319380935631,0.0,5.0,6.0,Extrovert,1,0,1,0,0,0.0,0.0,0,0,0,0.5,0.5,0.0
6069,1.0,0.0,4.0,4.0,0.0,8.0,4.982097334878332,Extrovert,1,0,1,0,0,0.0,0.0,0,0,0,0.5,0.5,0.0
6093,3.0,0.0,4.0,3.0,0.0,4.0,5.0,Extrovert,1,0,1,0,0,0.0,0.0,0,0,0,0.5,0.5,0.0
6160,3.0,0.0,3.0,6.0,0.0,7.0,6.0,Extrovert,1,0,1,0,0,0.0,0.0,0,0,0,0.5,0.5,0.0
6185,2.0,0.0,3.0,7.0,0.0,6.0,4.0,Extrovert,1,0,1,0,0,0.0,0.0,0,0,0,0.5,0.5,0.0
6202,3.1377639321564557,0.0,3.0,3.0,0.0,6.0,5.0,Extrovert,1,0,1,0,0,0.0,0.0,0,0,0,0.5,0.5,0.0
6228,1.0,0.0,4.0,4.044319380935631,0.0,8.0,5.0,Extrovert,1,0,1,0,0,0.0,0.0,0,0,0,0.5,0.5,0.0
6236,0.0,0.0,4.0,5.0,0.0,7.0,5.0,Extrovert,1,0,1,0,0,0.0,0.0,0,0,0,0.5,0.5,0.0
6252,0.0,0.0,4.0,5.0,0.0,7.996737263880939,5.0,Extrovert,1,0,1,0,0,0.0,0.0,0,0,0,0.5,0.5,0.0
6265,2.0,0.0,3.0,7.0,0.0,7.0,5.0,Extrovert,1,0,1,0,0,0.0,0.0,0,0,0,0.5,0.5,0.0
6266,3.0,0.0,3.0,3.0,0.0,4.0,5.0,Extrovert,1,0,1,0,0,0.0,0.0,0,0,0,0.5,0.5,0.0
6269,2.0,0.0,4.0,4.0,0.0,6.0,5.0,Extrovert,1,0,1,0,0,0.0,0.0,0,0,0,0.5,0.5,0.0
6328,1.0,0.0,3.0,6.0,0.0,6.0,6.0,Extrovert,1,0,1,0,0,0.0,0.0,0,0,0,0.5,0.5,0.0
6334,2.0,0.0,4.0,4.044319380935631,0.0,6.0,5.0,Extrovert,1,0,1,0,0,0.0,0.0,0,0,0,0.5,0.5,0.0
6337,1.0,0.0,4.0,4.044319380935631,0.0,6.0,5.0,Extrovert,1,0,1,0,0,0.0,0.0,0,0,0,0.5,0.5,0.0
6368,3.0,0.0,4.0,4.0,0.0,7.0,4.982097334878332,Extrovert,1,0,1,0,0,0.0,0.0,0,0,0,0.5,0.5,0.0
6422,0.0,0.0,3.0,4.0,0.0,8.0,4.0,Extrovert,1,0,1,0,0,0.0,0.0,0,0,0,0.5,0.5,0.0
6439,0.0,0.0,4.0,7.0,0.0,8.0,5.0,Extrovert,1,0,1,0,0,0.0,0.0,0,0,0,0.5,0.5,0.0
6456,3.0,0.0,4.0,4.044319380935631,0.0,8.0,3.0,Extrovert,1,0,1,0,0,0.0,0.0,0,0,0,0.5,0.5,0.0
6463,2.0,0.0,4.0,4.044319380935631,0.0,7.0,4.0,Extrovert,1,0,1,0,0,0.0,0.0,0,0,0,0.5,0.5,0.0
6539,1.0,0.0,4.0,5.0,0.0,6.0,4.982097334878332,Extrovert,1,0,1,0,0,0.0,0.0,0,0,0,0.5,0.5,0.0
6552,3.0,0.0,3.0,7.0,0.0,7.996737263880939,5.0,Extrovert,1,0,1,0,0,0.0,0.0,0,0,0,0.5,0.5,0.0
6601,1.0,0.0,3.0,4.0,0.0,5.0,5.0,Extrovert,1,0,1,0,0,0.0,0.0,0,0,0,0.5,0.5,0.0
6627,3.1377639321564557,0.0,3.0,5.0,0.0,7.0,5.0,Extrovert,1,0,1,0,0,0.0,0.0,0,0,0,0.5,0.5,0.0
6665,1.0,0.0,1.0,4.0,0.0,8.0,5.0,Extrovert,1,0,1,0,0,0.0,0.0,0,0,0,0.5,0.5,0.0
6672,0.0,0.0,4.0,7.0,0.0,7.0,5.0,Extrovert,1,0,1,0,0,0.0,0.0,0,0,0,0.5,0.5,0.0
6742,2.0,0.0,4.0,6.0,0.0,4.0,6.0,Extrovert,1,0,1,0,0,0.0,0.0,0,0,0,0.5,0.5,0.0
6746,2.0,0.0,4.0,4.0,0.0,5.0,6.0,Extrovert,1,0,1,0,0,0.0,0.0,0,0,0,0.5,0.5,0.0
6788,1.0,0.0,4.0,4.0,0.0,4.0,5.0,Extrovert,1,0,1,0,0,0.0,0.0,0,0,0,0.5,0.5,0.0
6789,0.0,0.0,4.0,4.044319380935631,0.0,7.0,5.0,Extrovert,1,0,1,0,0,0.0,0.0,0,0,0,0.5,0.5,0.0
6802,2.0,0.0,4.0,7.0,0.0,7.996737263880939,3.0,Extrovert,1,0,1,0,0,0.0,0.0,0,0,0,0.5,0.5,0.0
6835,0.0,0.0,4.0,6.0,0.0,7.0,3.0,Extrovert,1,0,1,0,0,0.0,0.0,0,0,0,0.5,0.5,0.0
6962,3.0,0.0,3.0,4.044319380935631,0.0,6.0,6.0,Extrovert,1,0,1,0,0,0.0,0.0,0,0,0,0.5,0.5,0.0
7012,3.0,0.5,4.0,4.0,0.5,14.0,6.0,Extrovert,1,0,1,1,0,0.5,0.5,0,0,0,0.5,0.5,0.0
7032,2.0,0.0,4.0,5.0,0.0,7.0,4.982097334878332,Extrovert,1,0,1,0,0,0.0,0.0,0,0,0,0.5,0.5,0.0
7064,3.0,0.0,4.0,4.044319380935631,0.0,8.0,4.0,Extrovert,1,0,1,0,0,0.0,0.0,0,0,0,0.5,0.5,0.0
7077,0.0,0.0,4.0,6.0,0.0,7.996737263880939,4.0,Extrovert,1,0,1,0,0,0.0,0.0,0,0,0,0.5,0.5,0.0
7078,10.0,0.0,9.0,3.0,0.0,3.0,6.0,Extrovert,1,1,0,0,0,0.0,0.0,0,0,0,0.5,0.5,0.0
7084,4.0,0.0,4.0,3.0,0.0,7.996737263880939,4.0,Extrovert,1,0,1,0,0,0.0,0.0,0,0,0,0.5,0.5,0.0
7092,3.1377639321564557,0.0,4.0,6.0,0.0,7.0,4.0,Extrovert,1,0,1,0,0,0.0,0.0,0,0,0,0.5,0.5,0.0
7128,8.0,0.0,6.0,5.0,0.0,6.0,3.0,Extrovert,1,1,0,0,0,0.0,0.0,0,0,0,0.5,0.5,0.0
7193,3.0,0.0,3.0,6.0,0.0,4.0,4.0,Extrovert,1,0,1,0,0,0.0,0.0,0,0,0,0.5,0.5,0.0
7286,2.0,0.0,3.0,3.0,0.0,8.0,6.0,Extrovert,1,0,1,0,0,0.0,0.0,0,0,0,0.5,0.5,0.0
7299,3.0,0.0,4.0,7.0,0.0,6.0,3.0,Extrovert,1,0,1,0,0,0.0,0.0,0,0,0,0.5,0.5,0.0
7323,3.1377639321564557,0.0,4.0,5.0,0.0,8.0,6.0,Extrovert,1,0,1,0,0,0.0,0.0,0,0,0,0.5,0.5,0.0
7332,0.0,0.0,3.0,5.0,0.0,7.0,4.982097334878332,Extrovert,1,0,1,0,0,0.0,0.0,0,0,0,0.5,0.5,0.0
7371,1.0,0.0,3.0,3.0,0.0,5.0,3.0,Extrovert,1,0,1,0,0,0.0,0.0,0,0,0,0.5,0.5,0.0
7391,0.0,0.0,4.0,3.0,0.0,7.0,6.0,Extrovert,1,0,1,0,0,0.0,0.0,0,0,0,0.5,0.5,0.0
7447,1.0,0.0,3.0,3.0,0.0,4.0,5.0,Extrovert,1,0,1,0,0,0.0,0.0,0,0,0,0.5,0.5,0.0
7454,3.0,0.0,4.0,5.0,0.0,6.0,3.0,Extrovert,1,0,1,0,0,0.0,0.0,0,0,0,0.5,0.5,0.0
7493,2.0,0.0,4.0,5.0,0.0,3.0,5.0,Extrovert,1,0,1,0,0,0.0,0.0,0,0,0,0.5,0.5,0.0
7528,1.0,0.0,4.0,6.0,0.0,7.0,4.0,Extrovert,1,0,1,0,0,0.0,0.0,0,0,0,0.5,0.5,0.0
7554,3.1377639321564557,0.0,0.0,4.0,0.0,5.0,6.0,Introvert,0,0,1,0,0,0.0,0.0,0,0,0,0.5,0.5,0.0
7585,0.0,0.0,3.0,6.0,0.0,7.0,3.0,Extrovert,1,0,1,0,0,0.0,0.0,0,0,0,0.5,0.5,0.0
7606,10.0,0.0,7.0,5.0,0.0,6.0,4.0,Extrovert,1,1,0,0,0,0.0,0.0,0,0,0,0.5,0.5,0.0
7616,4.0,0.0,3.0,4.0,0.0,5.0,1.0,Introvert,0,0,1,0,0,0.0,0.0,0,0,0,0.5,0.5,0.0
7618,3.1377639321564557,0.0,4.0,6.0,0.0,6.0,4.0,Extrovert,1,0,1,0,0,0.0,0.0,0,0,0,0.5,0.5,0.0
7664,2.0,0.0,4.0,7.0,0.0,7.0,3.0,Extrovert,1,0,1,0,0,0.0,0.0,0,0,0,0.5,0.5,0.0
7672,3.0,0.0,4.0,3.0,0.0,8.0,4.0,Extrovert,1,0,1,0,0,0.0,0.0,0,0,0,0.5,0.5,0.0
7690,3.1377639321564557,0.0,4.0,4.0,0.0,7.0,5.0,Extrovert,1,0,1,0,0,0.0,0.0,0,0,0,0.5,0.5,0.0
7741,3.0,0.0,4.0,6.0,0.0,5.0,4.0,Extrovert,1,0,1,0,0,0.0,0.0,0,0,0,0.5,0.5,0.0
7765,2.0,0.0,4.0,4.0,0.0,5.0,4.0,Extrovert,1,0,1,0,0,0.0,0.0,0,0,0,0.5,0.5,0.0
7766,3.1377639321564557,0.0,4.0,4.0,0.0,7.0,4.0,Extrovert,1,0,1,0,0,0.0,0.0,0,0,0,0.5,0.5,0.0
7782,0.0,0.0,4.0,7.0,0.0,4.0,4.0,Extrovert,1,0,1,0,0,0.0,0.0,0,0,0,0.5,0.5,0.0
7794,3.0,0.0,4.0,6.0,0.0,7.0,3.0,Extrovert,1,0,1,0,0,0.0,0.0,0,0,0,0.5,0.5,0.0
7814,0.0,0.0,4.0,5.0,0.0,7.0,4.0,Extrovert,1,0,1,0,0,0.0,0.0,0,0,0,0.5,0.5,0.0
7820,3.0,0.0,4.0,4.0,0.0,7.0,3.0,Extrovert,1,0,1,0,0,0.0,0.0,0,0,0,0.5,0.5,0.0
7852,3.1377639321564557,0.0,4.0,3.0,0.0,7.0,3.0,Extrovert,1,0,1,0,0,0.0,0.0,0,0,0,0.5,0.5,0.0
7869,3.0,0.0,4.0,6.0,0.0,5.0,3.0,Extrovert,1,0,1,0,0,0.0,0.0,0,0,0,0.5,0.5,0.0
7884,1.0,0.0,3.0,5.0,0.0,6.0,5.0,Extrovert,1,0,1,0,0,0.0,0.0,0,0,0,0.5,0.5,0.0
7886,0.0,0.0,4.0,3.0,0.0,8.0,3.0,Extrovert,1,0,1,0,0,0.0,0.0,0,0,0,0.5,0.5,0.0
7928,2.0,0.0,2.0,2.0,0.0,2.0,0.0,Extrovert,1,0,1,0,0,0.0,0.0,0,0,0,0.5,0.5,0.0
7953,0.0,0.0,3.0,5.0,0.0,5.0,4.0,Extrovert,1,0,1,0,0,0.0,0.0,0,0,0,0.5,0.5,0.0
7973,0.0,0.0,3.0,3.0,0.0,5.0,4.0,Extrovert,1,0,1,0,0,0.0,0.0,0,0,0,0.5,0.5,0.0
7984,2.0,0.0,4.0,3.0,0.0,8.0,5.0,Extrovert,1,0,1,0,0,0.0,0.0,0,0,0,0.5,0.5,0.0
8032,3.0,0.0,4.0,5.0,0.0,5.0,4.982097334878332,Extrovert,1,0,1,0,0,0.0,0.0,0,0,0,0.5,0.5,0.0
8084,3.0,0.0,3.0,5.0,0.0,5.0,4.0,Extrovert,1,0,1,0,0,0.0,0.0,0,0,0,0.5,0.5,0.0
8093,0.0,0.0,4.0,7.0,0.0,8.0,6.0,Extrovert,1,0,1,0,0,0.0,0.0,0,0,0,0.5,0.5,0.0
8099,4.0,0.0,4.0,7.0,0.0,7.0,3.0,Extrovert,1,0,1,0,0,0.0,0.0,0,0,0,0.5,0.5,0.0
8131,1.0,0.0,4.0,7.0,0.0,5.0,5.0,Extrovert,1,0,1,0,0,0.0,0.0,0,0,0,0.5,0.5,0.0
8147,1.0,0.0,4.0,7.0,0.0,7.0,3.0,Extrovert,1,0,1,0,0,0.0,0.0,0,0,0,0.5,0.5,0.0
8161,2.0,0.0,4.0,7.0,0.0,7.0,5.0,Extrovert,1,0,1,0,0,0.0,0.0,0,0,0,0.5,0.5,0.0
8245,0.0,0.0,4.0,5.0,0.0,7.0,6.0,Extrovert,1,0,1,0,0,0.0,0.0,0,0,0,0.5,0.5,0.0
8247,2.0,0.0,4.0,3.0,0.0,8.0,4.0,Extrovert,1,0,1,0,0,0.0,0.0,0,0,0,0.5,0.5,0.0
8285,3.0,0.0,4.0,6.0,0.0,7.996737263880939,5.0,Extrovert,1,0,1,0,0,0.0,0.0,0,0,0,0.5,0.5,0.0
8322,3.1377639321564557,0.0,4.0,6.0,0.0,5.0,6.0,Extrovert,1,0,1,0,0,0.0,0.0,0,0,0,0.5,0.5,0.0
8398,3.0,0.0,4.0,6.0,0.0,4.0,6.0,Extrovert,1,0,1,0,0,0.0,0.0,0,0,0,0.5,0.5,0.0
8450,1.0,0.0,4.0,4.0,0.0,5.0,3.0,Extrovert,1,0,1,0,0,0.0,0.0,0,0,0,0.5,0.5,0.0
8512,1.0,0.0,3.0,4.0,0.0,5.0,6.0,Extrovert,1,0,1,0,0,0.0,0.0,0,0,0,0.5,0.5,0.0
8518,3.1377639321564557,0.0,4.0,3.0,0.0,7.996737263880939,6.0,Extrovert,1,0,1,0,0,0.0,0.0,0,0,0,0.5,0.5,0.0
8526,1.0,0.0,4.0,7.0,0.0,7.0,5.0,Extrovert,1,0,1,0,0,0.0,0.0,0,0,0,0.5,0.5,0.0
8545,1.0,0.0,3.0,5.0,0.0,8.0,3.0,Extrovert,1,0,1,0,0,0.0,0.0,0,0,0,0.5,0.5,0.0
8568,2.0,0.0,4.0,4.0,0.0,7.0,6.0,Extrovert,1,0,1,0,0,0.0,0.0,0,0,0,0.5,0.5,0.0
8574,0.0,0.0,4.0,4.044319380935631,0.0,6.0,5.0,Extrovert,1,0,1,0,0,0.0,0.0,0,0,0,0.5,0.5,0.0
8649,1.0,0.0,3.0,6.0,0.0,7.0,5.0,Extrovert,1,0,1,0,0,0.0,0.0,0,0,0,0.5,0.5,0.0
8731,3.0,0.0,3.0,3.0,0.0,5.0,4.0,Extrovert,1,0,1,0,0,0.0,0.0,0,0,0,0.5,0.5,0.0
8733,3.0,0.0,4.0,4.0,0.0,5.0,3.0,Extrovert,1,0,1,0,0,0.0,0.0,0,0,0,0.5,0.5,0.0
8802,0.0,0.0,4.0,4.044319380935631,0.0,7.0,3.0,Extrovert,1,0,1,0,0,0.0,0.0,0,0,0,0.5,0.5,0.0
8824,2.0,0.0,4.0,4.0,0.0,8.0,3.0,Extrovert,1,0,1,0,0,0.0,0.0,0,0,0,0.5,0.5,0.0
8913,2.0,0.0,4.0,6.0,0.0,6.0,4.0,Extrovert,1,0,1,0,0,0.0,0.0,0,0,0,0.5,0.5,0.0
8921,3.0,0.0,3.0,6.0,0.0,4.0,5.0,Extrovert,1,0,1,0,0,0.0,0.0,0,0,0,0.5,0.5,0.0
8972,3.0,0.0,4.0,7.0,0.0,8.0,6.0,Extrovert,1,0,1,0,0,0.0,0.0,0,0,0,0.5,0.5,0.0
8994,1.0,0.0,4.0,4.0,0.0,7.0,3.0,Extrovert,1,0,1,0,0,0.0,0.0,0,0,0,0.5,0.5,0.0
9012,1.0,0.0,4.0,6.0,0.0,4.0,4.0,Introvert,0,0,1,0,0,0.0,0.0,0,0,0,0.5,0.5,0.0
9037,1.0,0.0,4.0,5.0,0.0,8.0,3.0,Extrovert,1,0,1,0,0,0.0,0.0,0,0,0,0.5,0.5,0.0
9044,3.1377639321564557,0.0,4.0,4.0,0.0,8.0,6.0,Extrovert,1,0,1,0,0,0.0,0.0,0,0,0,0.5,0.5,0.0
9052,0.0,0.0,4.0,3.0,0.0,7.0,4.0,Extrovert,1,0,1,0,0,0.0,0.0,0,0,0,0.5,0.5,0.0
9067,3.0,0.5,4.0,5.0,0.5,7.0,9.0,Extrovert,1,0,1,0,1,0.5,0.5,0,0,0,0.5,0.5,0.0
9071,3.0,0.0,3.0,3.0,0.0,6.0,6.0,Extrovert,1,0,1,0,0,0.0,0.0,0,0,0,0.5,0.5,0.0
9077,4.0,0.0,4.0,4.044319380935631,0.0,7.996737263880939,6.0,Extrovert,1,0,1,0,0,0.0,0.0,0,0,0,0.5,0.5,0.0
9096,1.0,0.0,4.0,3.0,0.0,8.0,3.0,Extrovert,1,0,1,0,0,0.0,0.0,0,0,0,0.5,0.5,0.0
9099,6.0,0.0,0.0,4.0,0.0,2.0,9.0,Introvert,0,1,1,0,1,0.0,0.0,0,0,0,0.5,0.5,0.0
9114,1.0,0.0,3.0,4.0,0.0,7.0,6.0,Extrovert,1,0,1,0,0,0.0,0.0,0,0,0,0.5,0.5,0.0
9120,1.0,0.0,4.0,6.0,0.0,5.0,4.982097334878332,Extrovert,1,0,1,0,0,0.0,0.0,0,0,0,0.5,0.5,0.0
9130,3.1377639321564557,0.0,3.0,5.0,0.0,5.0,1.0,Extrovert,1,0,1,0,0,0.0,0.0,0,0,0,0.5,0.5,0.0
9169,0.0,0.0,4.0,3.0,0.0,7.996737263880939,6.0,Extrovert,1,0,1,0,0,0.0,0.0,0,0,0,0.5,0.5,0.0
9183,1.0,0.0,4.0,3.0,0.0,7.0,4.0,Extrovert,1,0,1,0,0,0.0,0.0,0,0,0,0.5,0.5,0.0
9185,2.0,0.0,3.0,5.0,0.0,6.0,4.0,Extrovert,1,0,1,0,0,0.0,0.0,0,0,0,0.5,0.5,0.0
9327,3.0,0.0,4.0,4.044319380935631,0.0,8.0,5.0,Extrovert,1,0,1,0,0,0.0,0.0,0,0,0,0.5,0.5,0.0
9359,3.0,0.0,3.0,5.0,0.0,7.996737263880939,5.0,Extrovert,1,0,1,0,0,0.0,0.0,0,0,0,0.5,0.5,0.0
9386,0.0,0.0,4.0,3.0,0.0,4.0,4.0,Extrovert,1,0,1,0,0,0.0,0.0,0,0,0,0.5,0.5,0.0
9396,3.0,0.0,4.0,3.0,0.0,4.0,4.0,Extrovert,1,0,1,0,0,0.0,0.0,0,0,0,0.5,0.5,0.0
9398,0.0,0.0,4.0,3.0,0.0,5.0,6.0,Extrovert,1,0,1,0,0,0.0,0.0,0,0,0,0.5,0.5,0.0
9400,3.1377639321564557,0.0,4.0,3.0,0.0,4.0,6.0,Extrovert,1,0,1,0,0,0.0,0.0,0,0,0,0.5,0.5,0.0
9450,0.0,0.0,4.0,7.0,0.0,5.0,0.0,Extrovert,1,0,1,0,0,0.0,0.0,0,0,0,0.5,0.5,0.0
9542,0.0,0.0,4.0,5.0,0.0,8.0,6.0,Extrovert,1,0,1,0,0,0.0,0.0,0,0,0,0.5,0.5,0.0
9579,1.0,0.0,3.0,6.0,0.0,8.0,6.0,Extrovert,1,0,1,0,0,0.0,0.0,0,0,0,0.5,0.5,0.0
9586,2.0,0.0,4.0,6.0,0.0,5.0,6.0,Extrovert,1,0,1,0,0,0.0,0.0,0,0,0,0.5,0.5,0.0
9606,3.0,0.0,4.0,7.0,0.0,7.0,6.0,Extrovert,1,0,1,0,0,0.0,0.0,0,0,0,0.5,0.5,0.0
9612,3.0,0.0,3.0,5.0,0.0,4.0,5.0,Extrovert,1,0,1,0,0,0.0,0.0,0,0,0,0.5,0.5,0.0
9658,1.0,0.0,4.0,5.0,0.0,7.996737263880939,4.0,Extrovert,1,0,1,0,0,0.0,0.0,0,0,0,0.5,0.5,0.0
9663,0.0,0.0,4.0,6.0,0.0,8.0,6.0,Extrovert,1,0,1,0,0,0.0,0.0,0,0,0,0.5,0.5,0.0
9675,1.0,0.0,3.0,5.0,0.0,7.0,6.0,Extrovert,1,0,1,0,0,0.0,0.0,0,0,0,0.5,0.5,0.0
9713,3.0,0.0,4.0,5.0,0.0,4.0,5.0,Extrovert,1,0,1,0,0,0.0,0.0,0,0,0,0.5,0.5,0.0
9755,3.0,0.0,4.0,6.0,0.0,7.996737263880939,3.0,Extrovert,1,0,1,0,0,0.0,0.0,0,0,0,0.5,0.5,0.0
9765,1.0,0.0,4.0,4.0,0.0,7.0,4.982097334878332,Extrovert,1,0,1,0,0,0.0,0.0,0,0,0,0.5,0.5,0.0
9814,1.0,0.0,4.0,3.0,0.0,5.0,4.982097334878332,Extrovert,1,0,1,0,0,0.0,0.0,0,0,0,0.5,0.5,0.0
9817,3.0,0.0,4.0,3.0,0.0,8.0,3.0,Extrovert,1,0,1,0,0,0.0,0.0,0,0,0,0.5,0.5,0.0
9819,0.0,0.0,4.0,4.0,0.0,7.0,4.982097334878332,Extrovert,1,0,1,0,0,0.0,0.0,0,0,0,0.5,0.5,0.0
9857,1.0,0.0,4.0,5.0,0.0,7.0,4.982097334878332,Extrovert,1,0,1,0,0,0.0,0.0,0,0,0,0.5,0.5,0.0
9870,1.0,0.0,4.0,6.0,0.0,7.0,4.982097334878332,Extrovert,1,0,1,0,0,0.0,0.0,0,0,0,0.5,0.5,0.0
9872,2.0,0.0,4.0,6.0,0.0,5.0,4.982097334878332,Extrovert,1,0,1,0,0,0.0,0.0,0,0,0,0.5,0.5,0.0
9883,1.0,0.0,4.0,7.0,0.0,7.0,4.0,Extrovert,1,0,1,0,0,0.0,0.0,0,0,0,0.5,0.5,0.0
9898,1.0,0.0,3.0,7.0,0.0,4.0,4.0,Extrovert,1,0,1,0,0,0.0,0.0,0,0,0,0.5,0.5,0.0
9911,0.0,0.0,4.0,6.0,0.0,4.0,5.0,Extrovert,1,0,1,0,0,0.0,0.0,0,0,0,0.5,0.5,0.0
9943,4.0,0.0,4.0,3.0,0.0,6.0,6.0,Extrovert,1,0,1,0,0,0.0,0.0,0,0,0,0.5,0.5,0.0
9969,3.0,0.0,3.0,5.0,0.0,3.0,6.0,Extrovert,1,0,1,0,0,0.0,0.0,0,0,0,0.5,0.5,0.0
9970,3.1377639321564557,0.0,4.0,4.0,0.0,8.0,3.0,Extrovert,1,0,1,0,0,0.0,0.0,0,0,0,0.5,0.5,0.0
9999,2.0,0.0,4.0,3.0,0.0,5.0,4.982097334878332,Extrovert,1,0,1,0,0,0.0,0.0,0,0,0,0.5,0.5,0.0
10064,2.0,0.0,4.0,3.0,0.0,7.0,3.0,Extrovert,1,0,1,0,0,0.0,0.0,0,0,0,0.5,0.5,0.0
10066,1.0,0.0,4.0,4.0,0.0,8.0,3.0,Extrovert,1,0,1,0,0,0.0,0.0,0,0,0,0.5,0.5,0.0
10083,0.0,0.0,4.0,4.0,0.0,7.996737263880939,4.0,Extrovert,1,0,1,0,0,0.0,0.0,0,0,0,0.5,0.5,0.0
10088,2.0,0.0,4.0,7.0,0.0,8.0,4.982097334878332,Extrovert,1,0,1,0,0,0.0,0.0,0,0,0,0.5,0.5,0.0
10089,3.0,0.5,9.0,5.0,0.5,6.0,6.0,Extrovert,1,0,0,0,0,0.5,0.5,0,0,0,0.5,0.5,0.0
10109,3.0,0.0,4.0,6.0,0.0,7.0,5.0,Extrovert,1,0,1,0,0,0.0,0.0,0,0,0,0.5,0.5,0.0
10120,0.0,0.0,3.0,7.0,0.0,7.0,4.0,Introvert,0,0,1,0,0,0.0,0.0,0,0,0,0.5,0.5,0.0
10141,2.0,0.0,4.0,7.0,0.0,5.0,3.0,Extrovert,1,0,1,0,0,0.0,0.0,0,0,0,0.5,0.5,0.0
10147,0.0,0.0,4.0,6.0,0.0,8.0,5.0,Extrovert,1,0,1,0,0,0.0,0.0,0,0,0,0.5,0.5,0.0
10194,3.1377639321564557,0.0,4.0,4.0,0.0,8.0,4.0,Extrovert,1,0,1,0,0,0.0,0.0,0,0,0,0.5,0.5,0.0
10221,3.1377639321564557,0.0,3.0,4.0,0.0,5.0,6.0,Extrovert,1,0,1,0,0,0.0,0.0,0,0,0,0.5,0.5,0.0
10229,0.0,0.0,4.0,5.0,0.0,6.0,6.0,Extrovert,1,0,1,0,0,0.0,0.0,0,0,0,0.5,0.5,0.0
10232,0.0,0.0,4.0,4.0,0.0,7.996737263880939,3.0,Extrovert,1,0,1,0,0,0.0,0.0,0,0,0,0.5,0.5,0.0
10371,0.0,0.0,1.0,4.0,0.0,4.0,4.0,Extrovert,1,0,1,0,0,0.0,0.0,0,0,0,0.5,0.5,0.0
10382,2.0,0.0,4.0,4.044319380935631,0.0,5.0,6.0,Extrovert,1,0,1,0,0,0.0,0.0,0,0,0,0.5,0.5,0.0
10400,10.0,0.0,7.0,4.044319380935631,0.0,7.0,5.0,Extrovert,1,1,0,0,0,0.0,0.0,0,0,0,0.5,0.5,0.0
10543,3.1377639321564557,0.0,4.0,5.0,0.0,7.0,4.0,Extrovert,1,0,1,0,0,0.0,0.0,0,0,0,0.5,0.5,0.0
10593,3.1377639321564557,0.0,4.0,4.0,0.0,6.0,5.0,Extrovert,1,0,1,0,0,0.0,0.0,0,0,0,0.5,0.5,0.0
10598,0.0,0.0,3.0,4.0,0.0,6.0,4.0,Extrovert,1,0,1,0,0,0.0,0.0,0,0,0,0.5,0.5,0.0
10635,0.0,0.0,4.0,3.0,0.0,7.0,5.0,Extrovert,1,0,1,0,0,0.0,0.0,0,0,0,0.5,0.5,0.0
10669,1.0,0.0,4.0,4.0,0.0,6.0,4.0,Introvert,0,0,1,0,0,0.0,0.0,0,0,0,0.5,0.5,0.0
10673,1.0,0.0,4.0,6.0,0.0,5.0,6.0,Extrovert,1,0,1,0,0,0.0,0.0,0,0,0,0.5,0.5,0.0
10732,6.0,0.0,6.0,5.0,0.0,5.0,6.0,Introvert,0,1,0,0,0,0.0,0.0,0,0,0,0.5,0.5,0.0
10771,4.0,0.0,4.0,5.0,0.0,8.0,3.0,Extrovert,1,0,1,0,0,0.0,0.0,0,0,0,0.5,0.5,0.0
10785,3.0,0.0,3.0,6.0,0.0,8.0,6.0,Extrovert,1,0,1,0,0,0.0,0.0,0,0,0,0.5,0.5,0.0
10790,0.0,0.0,3.0,3.0,0.0,6.0,6.0,Extrovert,1,0,1,0,0,0.0,0.0,0,0,0,0.5,0.5,0.0
10818,1.0,0.0,4.0,5.0,0.0,0.0,4.0,Extrovert,1,0,1,0,0,0.0,0.0,0,0,0,0.5,0.5,0.0
10867,0.0,0.0,4.0,5.0,0.0,6.0,4.982097334878332,Extrovert,1,0,1,0,0,0.0,0.0,0,0,0,0.5,0.5,0.0
10891,6.0,0.0,4.0,7.0,0.0,13.0,6.0,Extrovert,1,1,1,1,0,0.0,0.0,1,0,0,0.5,0.5,0.0
10923,3.0,0.0,4.0,6.0,0.0,5.0,5.0,Extrovert,1,0,1,0,0,0.0,0.0,0,0,0,0.5,0.5,0.0
10944,3.0,0.0,4.0,5.0,0.0,7.996737263880939,4.982097334878332,Extrovert,1,0,1,0,0,0.0,0.0,0,0,0,0.5,0.5,0.0
10996,0.0,1.0,3.0,5.0,0.0,9.0,5.0,Extrovert,1,0,1,1,0,0.0,1.0,1,0,0,0.5,0.5,0.0
11029,1.0,0.0,4.0,5.0,0.0,7.0,5.0,Extrovert,1,0,1,0,0,0.0,0.0,0,0,0,0.5,0.5,0.0
11044,3.0,0.0,3.0,6.0,0.0,7.0,3.0,Introvert,0,0,1,0,0,0.0,0.0,0,0,0,0.5,0.5,0.0
11053,1.0,0.0,3.0,7.0,0.0,7.0,6.0,Extrovert,1,0,1,0,0,0.0,0.0,0,0,0,0.5,0.5,0.0
11061,3.0,0.0,4.0,5.0,0.0,4.0,6.0,Extrovert,1,0,1,0,0,0.0,0.0,0,0,0,0.5,0.5,0.0
11083,1.0,0.0,4.0,6.0,0.0,7.996737263880939,5.0,Extrovert,1,0,1,0,0,0.0,0.0,0,0,0,0.5,0.5,0.0
11091,3.1377639321564557,0.0,4.0,5.0,0.0,8.0,5.0,Extrovert,1,0,1,0,0,0.0,0.0,0,0,0,0.5,0.5,0.0
11105,2.0,0.0,4.0,4.044319380935631,0.0,8.0,5.0,Extrovert,1,0,1,0,0,0.0,0.0,0,0,0,0.5,0.5,0.0
11123,2.0,0.0,4.0,5.0,0.0,6.0,5.0,Extrovert,1,0,1,0,0,0.0,0.0,0,0,0,0.5,0.5,0.0
11134,2.0,0.0,4.0,4.0,0.0,4.0,4.0,Extrovert,1,0,1,0,0,0.0,0.0,0,0,0,0.5,0.5,0.0
11189,1.0,0.0,4.0,4.0,0.0,6.0,3.0,Extrovert,1,0,1,0,0,0.0,0.0,0,0,0,0.5,0.5,0.0
11200,0.0,0.0,3.0,6.0,0.0,5.0,3.0,Extrovert,1,0,1,0,0,0.0,0.0,0,0,0,0.5,0.5,0.0
11316,2.0,0.0,3.0,5.0,0.0,7.0,6.0,Extrovert,1,0,1,0,0,0.0,0.0,0,0,0,0.5,0.5,0.0
11373,2.0,0.0,4.0,3.0,0.0,7.0,4.0,Extrovert,1,0,1,0,0,0.0,0.0,0,0,0,0.5,0.5,0.0
11465,0.0,0.0,3.0,4.0,0.0,4.0,3.0,Extrovert,1,0,1,0,0,0.0,0.0,0,0,0,0.5,0.5,0.0
11483,2.0,0.5,4.0,3.0,0.5,5.0,8.0,Extrovert,1,0,1,0,1,0.5,0.5,0,0,0,0.5,0.5,0.0
11501,3.0,0.0,3.0,4.0,0.0,7.0,5.0,Extrovert,1,0,1,0,0,0.0,0.0,0,0,0,0.5,0.5,0.0
11502,2.0,0.0,3.0,4.0,0.0,6.0,4.982097334878332,Extrovert,1,0,1,0,0,0.0,0.0,0,0,0,0.5,0.5,0.0
11512,2.0,0.0,3.0,6.0,0.0,4.0,3.0,Extrovert,1,0,1,0,0,0.0,0.0,0,0,0,0.5,0.5,0.0
11588,0.0,0.0,3.0,7.0,0.0,4.0,4.982097334878332,Extrovert,1,0,1,0,0,0.0,0.0,0,0,0,0.5,0.5,0.0
11600,1.0,0.0,3.0,7.0,0.0,6.0,5.0,Extrovert,1,0,1,0,0,0.0,0.0,0,0,0,0.5,0.5,0.0
11610,0.0,0.0,3.0,4.0,0.0,4.0,6.0,Extrovert,1,0,1,0,0,0.0,0.0,0,0,0,0.5,0.5,0.0
11614,1.0,0.0,4.0,4.0,0.0,3.0,6.0,Extrovert,1,0,1,0,0,0.0,0.0,0,0,0,0.5,0.5,0.0
11646,2.0,0.0,4.0,5.0,0.0,4.0,6.0,Extrovert,1,0,1,0,0,0.0,0.0,0,0,0,0.5,0.5,0.0
11677,3.0,0.0,4.0,5.0,0.0,7.0,5.0,Extrovert,1,0,1,0,0,0.0,0.0,0,0,0,0.5,0.5,0.0
11698,1.0,0.0,4.0,7.0,0.0,6.0,3.0,Extrovert,1,0,1,0,0,0.0,0.0,0,0,0,0.5,0.5,0.0
11704,1.0,0.0,4.0,5.0,0.0,4.0,3.0,Extrovert,1,0,1,0,0,0.0,0.0,0,0,0,0.5,0.5,0.0
11726,0.0,0.0,3.0,6.0,0.0,5.0,6.0,Extrovert,1,0,1,0,0,0.0,0.0,0,0,0,0.5,0.5,0.0
11757,3.1377639321564557,0.0,2.0,5.0,0.0,4.0,5.0,Extrovert,1,0,1,0,0,0.0,0.0,0,0,0,0.5,0.5,0.0
