id,Target
18524,1
18525,0
18526,1
18527,1
18528,0
18529,1
18530,1
18531,0
18532,1
18533,0
18534,1
18535,1
18536,0
18537,1
18538,0
18539,1
18540,1
18541,1
18542,0
18543,1
18544,0
18545,0
18546,1
18547,0
18548,1
18549,1
18550,1
18551,1
18552,0
18553,0
18554,1
18555,1
18556,0
18557,1
18558,1
18559,1
18560,1
18561,1
18562,1
18563,1
18564,0
18565,0
18566,0
18567,0
18568,1
18569,0
18570,1
18571,0
18572,1
18573,1
18574,0
18575,1
18576,1
18577,1
18578,1
18579,1
18580,1
18581,1
18582,0
18583,1
18584,1
18585,1
18586,1
18587,1
18588,1
18589,1
18590,1
18591,0
18592,1
18593,1
18594,0
18595,0
18596,1
18597,1
18598,1
18599,1
18600,1
18601,1
18602,1
18603,1
18604,1
18605,1
18606,1
18607,1
18608,1
18609,1
18610,1
18611,0
18612,1
18613,0
18614,1
18615,0
18616,1
18617,1
18618,1
18619,1
18620,1
18621,1
18622,1
18623,0
18624,0
18625,1
18626,1
18627,1
18628,0
18629,1
18630,1
18631,1
18632,1
18633,0
18634,1
18635,1
18636,0
18637,0
18638,1
18639,1
18640,1
18641,1
18642,1
18643,0
18644,1
18645,0
18646,1
18647,1
18648,1
18649,0
18650,1
18651,1
18652,1
18653,1
18654,0
18655,1
18656,1
18657,1
18658,1
18659,1
18660,0
18661,0
18662,1
18663,0
18664,1
18665,1
18666,1
18667,1
18668,1
18669,1
18670,0
18671,1
18672,0
18673,0
18674,1
18675,1
18676,1
18677,1
18678,1
18679,1
18680,1
18681,0
18682,1
18683,1
18684,1
18685,0
18686,1
18687,1
18688,0
18689,1
18690,1
18691,1
18692,1
18693,0
18694,1
18695,1
18696,0
18697,0
18698,0
18699,0
18700,1
18701,0
18702,1
18703,1
18704,1
18705,0
18706,1
18707,0
18708,1
18709,1
18710,1
18711,0
18712,1
18713,1
18714,1
18715,1
18716,1
18717,1
18718,0
18719,0
18720,0
18721,1
18722,1
18723,1
18724,0
18725,0
18726,1
18727,1
18728,0
18729,0
18730,1
18731,1
18732,1
18733,1
18734,0
18735,1
18736,1
18737,1
18738,0
18739,1
18740,1
18741,1
18742,1
18743,1
18744,1
18745,0
18746,0
18747,0
18748,1
18749,1
18750,1
18751,1
18752,1
18753,1
18754,1
18755,0
18756,1
18757,1
18758,0
18759,1
18760,1
18761,1
18762,1
18763,1
18764,1
18765,0
18766,0
18767,1
18768,1
18769,0
18770,1
18771,1
18772,1
18773,1
18774,1
18775,1
18776,1
18777,0
18778,1
18779,1
18780,1
18781,1
18782,1
18783,1
18784,1
18785,1
18786,1
18787,0
18788,0
18789,1
18790,0
18791,1
18792,1
18793,1
18794,1
18795,1
18796,1
18797,1
18798,1
18799,0
18800,1
18801,0
18802,1
18803,1
18804,0
18805,0
18806,1
18807,1
18808,1
18809,1
18810,1
18811,1
18812,1
18813,1
18814,1
18815,1
18816,0
18817,1
18818,1
18819,1
18820,1
18821,1
18822,0
18823,1
18824,1
18825,1
18826,1
18827,1
18828,1
18829,1
18830,1
18831,0
18832,1
18833,1
18834,1
18835,0
18836,1
18837,1
18838,1
18839,1
18840,0
18841,1
18842,0
18843,1
18844,1
18845,0
18846,1
18847,1
18848,1
18849,1
18850,0
18851,1
18852,1
18853,1
18854,1
18855,1
18856,1
18857,0
18858,1
18859,1
18860,1
18861,1
18862,1
18863,1
18864,0
18865,1
18866,1
18867,1
18868,1
18869,1
18870,1
18871,1
18872,0
18873,1
18874,0
18875,1
18876,1
18877,1
18878,1
18879,0
18880,1
18881,1
18882,1
18883,0
18884,1
18885,0
18886,1
18887,0
18888,1
18889,1
18890,0
18891,1
18892,1
18893,1
18894,1
18895,1
18896,1
18897,1
18898,1
18899,1
18900,1
18901,1
18902,0
18903,1
18904,0
18905,1
18906,0
18907,1
18908,0
18909,0
18910,1
18911,0
18912,1
18913,1
18914,1
18915,1
18916,1
18917,1
18918,1
18919,0
18920,1
18921,0
18922,1
18923,0
18924,1
18925,0
18926,0
18927,0
18928,0
18929,1
18930,1
18931,1
18932,0
18933,0
18934,1
18935,1
18936,1
18937,1
18938,1
18939,0
18940,1
18941,0
18942,1
18943,0
18944,0
18945,1
18946,1
18947,0
18948,1
18949,0
18950,1
18951,1
18952,0
18953,0
18954,1
18955,1
18956,0
18957,0
18958,1
18959,1
18960,1
18961,1
18962,1
18963,0
18964,1
18965,1
18966,0
18967,1
18968,1
18969,1
18970,1
18971,0
18972,0
18973,0
18974,1
18975,1
18976,1
18977,1
18978,1
18979,1
18980,1
18981,0
18982,0
18983,0
18984,0
18985,1
18986,1
18987,1
18988,1
18989,1
18990,1
18991,1
18992,1
18993,0
18994,1
18995,1
18996,1
18997,1
18998,0
18999,0
19000,1
19001,1
19002,1
19003,0
19004,1
19005,1
19006,1
19007,0
19008,1
19009,1
19010,1
19011,0
19012,1
19013,1
19014,1
19015,1
19016,1
19017,0
19018,1
19019,0
19020,1
19021,1
19022,1
19023,1
19024,1
19025,1
19026,1
19027,1
19028,1
19029,1
19030,0
19031,1
19032,0
19033,1
19034,1
19035,1
19036,1
19037,0
19038,0
19039,1
19040,1
19041,1
19042,0
19043,0
19044,1
19045,1
19046,1
19047,1
19048,1
19049,0
19050,1
19051,0
19052,1
19053,1
19054,0
19055,0
19056,1
19057,1
19058,1
19059,1
19060,1
19061,1
19062,1
19063,1
19064,1
19065,1
19066,0
19067,1
19068,1
19069,1
19070,1
19071,1
19072,0
19073,1
19074,1
19075,1
19076,1
19077,1
19078,1
19079,1
19080,1
19081,1
19082,1
19083,1
19084,1
19085,1
19086,1
19087,0
19088,1
19089,0
19090,1
19091,1
19092,0
19093,1
19094,1
19095,1
19096,0
19097,0
19098,0
19099,1
19100,1
19101,1
19102,1
19103,1
19104,1
19105,0
19106,0
19107,1
19108,1
19109,1
19110,1
19111,1
19112,0
19113,1
19114,1
19115,1
19116,1
19117,1
19118,1
19119,0
19120,0
19121,1
19122,0
19123,1
19124,1
19125,1
19126,1
19127,1
19128,1
19129,1
19130,1
19131,1
19132,1
19133,0
19134,1
19135,0
19136,1
19137,1
19138,1
19139,1
19140,1
19141,1
19142,0
19143,0
19144,1
19145,1
19146,1
19147,1
19148,1
19149,1
19150,1
19151,1
19152,1
19153,1
19154,1
19155,0
19156,1
19157,1
19158,0
19159,1
19160,1
19161,1
19162,1
19163,1
19164,1
19165,1
19166,1
19167,1
19168,1
19169,1
19170,0
19171,1
19172,1
19173,0
19174,1
19175,1
19176,0
19177,0
19178,1
19179,0
19180,0
19181,0
19182,1
19183,1
19184,0
19185,0
19186,1
19187,1
19188,1
19189,1
19190,0
19191,1
19192,1
19193,0
19194,1
19195,1
19196,1
19197,1
19198,1
19199,0
19200,1
19201,1
19202,1
19203,1
19204,1
19205,1
19206,0
19207,0
19208,1
19209,1
19210,0
19211,1
19212,1
19213,1
19214,1
19215,1
19216,1
19217,1
19218,0
19219,1
19220,1
19221,1
19222,1
19223,1
19224,1
19225,0
19226,1
19227,1
19228,0
19229,1
19230,1
19231,1
19232,1
19233,1
19234,1
19235,1
19236,1
19237,1
19238,1
19239,1
19240,0
19241,1
19242,1
19243,1
19244,0
19245,1
19246,0
19247,1
19248,1
19249,1
19250,1
19251,0
19252,1
19253,1
19254,1
19255,1
19256,1
19257,0
19258,1
19259,1
19260,1
19261,1
19262,1
19263,1
19264,1
19265,1
19266,0
19267,1
19268,1
19269,1
19270,1
19271,0
19272,0
19273,0
19274,0
19275,0
19276,1
19277,1
19278,1
19279,1
19280,1
19281,0
19282,1
19283,1
19284,1
19285,1
19286,1
19287,0
19288,1
19289,0
19290,1
19291,0
19292,1
19293,1
19294,1
19295,1
19296,1
19297,1
19298,0
19299,0
19300,1
19301,1
19302,1
19303,0
19304,1
19305,1
19306,1
19307,0
19308,1
19309,0
19310,1
19311,0
19312,1
19313,1
19314,1
19315,0
19316,1
19317,1
19318,1
19319,1
19320,1
19321,1
19322,1
19323,1
19324,1
19325,1
19326,1
19327,1
19328,1
19329,0
19330,1
19331,1
19332,1
19333,1
19334,1
19335,1
19336,1
19337,1
19338,1
19339,0
19340,1
19341,1
19342,0
19343,1
19344,1
19345,1
19346,1
19347,1
19348,1
19349,1
19350,1
19351,1
19352,1
19353,1
19354,1
19355,0
19356,1
19357,0
19358,0
19359,1
19360,0
19361,1
19362,1
19363,1
19364,1
19365,0
19366,1
19367,1
19368,0
19369,1
19370,1
19371,0
19372,0
19373,1
19374,1
19375,1
19376,0
19377,1
19378,0
19379,1
19380,0
19381,1
19382,1
19383,0
19384,1
19385,0
19386,0
19387,0
19388,1
19389,0
19390,0
19391,1
19392,1
19393,0
19394,1
19395,1
19396,0
19397,1
19398,0
19399,1
19400,1
19401,1
19402,1
19403,1
19404,1
19405,0
19406,1
19407,1
19408,1
19409,1
19410,1
19411,0
19412,0
19413,0
19414,1
19415,1
19416,1
19417,0
19418,1
19419,0
19420,0
19421,1
19422,0
19423,1
19424,1
19425,1
19426,1
19427,1
19428,0
19429,0
19430,1
19431,1
19432,1
19433,1
19434,0
19435,1
19436,1
19437,1
19438,0
19439,0
19440,1
19441,1
19442,1
19443,1
19444,0
19445,1
19446,1
19447,1
19448,1
19449,1
19450,0
19451,1
19452,1
19453,1
19454,1
19455,1
19456,0
19457,1
19458,1
19459,1
19460,1
19461,1
19462,0
19463,1
19464,1
19465,1
19466,1
19467,0
19468,1
19469,0
19470,1
19471,0
19472,0
19473,0
19474,1
19475,0
19476,1
19477,1
19478,1
19479,0
19480,1
19481,1
19482,0
19483,0
19484,1
19485,1
19486,1
19487,1
19488,1
19489,1
19490,1
19491,1
19492,1
19493,1
19494,1
19495,1
19496,1
19497,1
19498,1
19499,1
19500,1
19501,1
19502,0
19503,0
19504,1
19505,1
19506,1
19507,0
19508,0
19509,1
19510,1
19511,1
19512,1
19513,0
19514,1
19515,1
19516,1
19517,1
19518,1
19519,0
19520,1
19521,1
19522,1
19523,1
19524,1
19525,1
19526,1
19527,1
19528,1
19529,0
19530,0
19531,0
19532,0
19533,1
19534,1
19535,1
19536,1
19537,1
19538,1
19539,1
19540,0
19541,1
19542,1
19543,1
19544,1
19545,0
19546,0
19547,1
19548,1
19549,1
19550,1
19551,1
19552,1
19553,1
19554,1
19555,1
19556,1
19557,1
19558,0
19559,0
19560,1
19561,1
19562,1
19563,0
19564,1
19565,1
19566,1
19567,0
19568,0
19569,0
19570,1
19571,0
19572,1
19573,1
19574,1
19575,1
19576,1
19577,1
19578,1
19579,0
19580,1
19581,1
19582,0
19583,1
19584,0
19585,1
19586,0
19587,1
19588,1
19589,1
19590,1
19591,1
19592,1
19593,1
19594,1
19595,1
19596,0
19597,1
19598,0
19599,1
19600,1
19601,1
19602,1
19603,1
19604,1
19605,1
19606,1
19607,1
19608,1
19609,1
19610,1
19611,1
19612,0
19613,1
19614,1
19615,0
19616,1
19617,1
19618,1
19619,1
19620,1
19621,1
19622,1
19623,1
19624,1
19625,1
19626,1
19627,1
19628,1
19629,0
19630,1
19631,1
19632,1
19633,1
19634,0
19635,1
19636,0
19637,1
19638,1
19639,0
19640,1
19641,1
19642,0
19643,1
19644,1
19645,0
19646,0
19647,0
19648,1
19649,1
19650,1
19651,1
19652,1
19653,1
19654,1
19655,1
19656,1
19657,1
19658,1
19659,0
19660,1
19661,0
19662,0
19663,0
19664,0
19665,1
19666,1
19667,1
19668,0
19669,1
19670,1
19671,1
19672,1
19673,1
19674,1
19675,1
19676,1
19677,1
19678,1
19679,1
19680,1
19681,1
19682,1
19683,1
19684,1
19685,1
19686,1
19687,1
19688,1
19689,1
19690,1
19691,0
19692,1
19693,0
19694,1
19695,1
19696,1
19697,1
19698,1
19699,0
19700,1
19701,1
19702,1
19703,0
19704,1
19705,1
19706,1
19707,1
19708,1
19709,1
19710,1
19711,0
19712,1
19713,0
19714,1
19715,1
19716,1
19717,1
19718,1
19719,1
19720,1
19721,1
19722,1
19723,1
19724,0
19725,0
19726,1
19727,1
19728,1
19729,0
19730,1
19731,0
19732,0
19733,1
19734,1
19735,1
19736,0
19737,1
19738,0
19739,1
19740,1
19741,0
19742,1
19743,1
19744,1
19745,1
19746,0
19747,1
19748,1
19749,1
19750,1
19751,0
19752,1
19753,1
19754,1
19755,1
19756,1
19757,1
19758,1
19759,1
19760,0
19761,1
19762,0
19763,1
19764,0
19765,1
19766,1
19767,1
19768,0
19769,1
19770,1
19771,0
19772,1
19773,0
19774,1
19775,1
19776,1
19777,1
19778,1
19779,0
19780,0
19781,1
19782,0
19783,0
19784,1
19785,1
19786,0
19787,0
19788,1
19789,1
19790,0
19791,1
19792,1
19793,0
19794,1
19795,1
19796,0
19797,1
19798,0
19799,1
19800,1
19801,1
19802,1
19803,1
19804,0
19805,1
19806,1
19807,1
19808,1
19809,1
19810,1
19811,1
19812,1
19813,1
19814,1
19815,1
19816,0
19817,1
19818,1
19819,1
19820,1
19821,1
19822,1
19823,1
19824,1
19825,1
19826,0
19827,1
19828,0
19829,1
19830,1
19831,1
19832,1
19833,1
19834,1
19835,1
19836,1
19837,1
19838,0
19839,1
19840,1
19841,0
19842,1
19843,0
19844,1
19845,1
19846,1
19847,0
19848,1
19849,0
19850,1
19851,1
19852,1
19853,0
19854,1
19855,1
19856,0
19857,0
19858,1
19859,0
19860,0
19861,1
19862,1
19863,1
19864,0
19865,1
19866,1
19867,1
19868,1
19869,0
19870,1
19871,1
19872,1
19873,1
19874,0
19875,0
19876,1
19877,0
19878,0
19879,0
19880,1
19881,0
19882,1
19883,1
19884,0
19885,1
19886,0
19887,1
19888,1
19889,1
19890,0
19891,1
19892,1
19893,1
19894,1
19895,1
19896,1
19897,1
19898,1
19899,1
19900,1
19901,1
19902,1
19903,1
19904,1
19905,1
19906,1
19907,1
19908,1
19909,1
19910,0
19911,1
19912,1
19913,1
19914,1
19915,1
19916,1
19917,1
19918,1
19919,0
19920,1
19921,1
19922,1
19923,1
19924,0
19925,1
19926,1
19927,1
19928,0
19929,0
19930,1
19931,1
19932,0
19933,1
19934,1
19935,0
19936,0
19937,1
19938,1
19939,0
19940,1
19941,1
19942,1
19943,1
19944,0
19945,0
19946,0
19947,0
19948,1
19949,1
19950,1
19951,1
19952,1
19953,1
19954,1
19955,1
19956,0
19957,1
19958,1
19959,0
19960,0
19961,1
19962,1
19963,1
19964,1
19965,1
19966,1
19967,1
19968,1
19969,1
19970,1
19971,1
19972,0
19973,1
19974,1
19975,1
19976,1
19977,1
19978,0
19979,1
19980,1
19981,1
19982,1
19983,1
19984,1
19985,1
19986,0
19987,1
19988,0
19989,1
19990,1
19991,1
19992,1
19993,1
19994,0
19995,1
19996,1
19997,0
19998,1
19999,0
20000,0
20001,0
20002,1
20003,1
20004,0
20005,1
20006,1
20007,1
20008,1
20009,0
20010,1
20011,0
20012,1
20013,1
20014,1
20015,0
20016,0
20017,1
20018,0
20019,0
20020,0
20021,1
20022,1
20023,1
20024,1
20025,1
20026,1
20027,1
20028,1
20029,1
20030,1
20031,1
20032,1
20033,0
20034,1
20035,1
20036,0
20037,1
20038,1
20039,1
20040,1
20041,1
20042,1
20043,1
20044,1
20045,0
20046,0
20047,0
20048,0
20049,0
20050,1
20051,0
20052,1
20053,1
20054,0
20055,1
20056,1
20057,0
20058,1
20059,0
20060,1
20061,1
20062,1
20063,1
20064,0
20065,1
20066,1
20067,0
20068,0
20069,0
20070,1
20071,0
20072,0
20073,1
20074,1
20075,0
20076,1
20077,1
20078,1
20079,1
20080,1
20081,1
20082,1
20083,0
20084,0
20085,0
20086,1
20087,0
20088,1
20089,1
20090,1
20091,1
20092,0
20093,0
20094,1
20095,1
20096,0
20097,1
20098,0
20099,1
20100,1
20101,1
20102,1
20103,0
20104,1
20105,1
20106,1
20107,0
20108,1
20109,1
20110,1
20111,0
20112,0
20113,1
20114,1
20115,1
20116,1
20117,0
20118,1
20119,0
20120,0
20121,1
20122,1
20123,1
20124,1
20125,1
20126,0
20127,0
20128,0
20129,1
20130,0
20131,1
20132,1
20133,1
20134,1
20135,0
20136,1
20137,1
20138,1
20139,0
20140,1
20141,0
20142,1
20143,0
20144,0
20145,0
20146,0
20147,0
20148,1
20149,1
20150,1
20151,1
20152,0
20153,0
20154,1
20155,1
20156,1
20157,1
20158,0
20159,0
20160,1
20161,1
20162,1
20163,1
20164,1
20165,1
20166,1
20167,1
20168,1
20169,0
20170,0
20171,1
20172,1
20173,1
20174,1
20175,1
20176,1
20177,1
20178,1
20179,1
20180,1
20181,1
20182,0
20183,1
20184,1
20185,0
20186,1
20187,1
20188,1
20189,1
20190,0
20191,1
20192,1
20193,1
20194,0
20195,1
20196,1
20197,1
20198,1
20199,1
20200,1
20201,1
20202,1
20203,1
20204,1
20205,0
20206,1
20207,1
20208,1
20209,1
20210,1
20211,0
20212,1
20213,0
20214,0
20215,1
20216,1
20217,1
20218,1
20219,1
20220,0
20221,1
20222,1
20223,1
20224,0
20225,1
20226,1
20227,1
20228,1
20229,1
20230,1
20231,0
20232,0
20233,1
20234,1
20235,1
20236,1
20237,1
20238,1
20239,1
20240,0
20241,1
20242,1
20243,1
20244,0
20245,1
20246,1
20247,1
20248,1
20249,0
20250,1
20251,1
20252,0
20253,1
20254,1
20255,1
20256,1
20257,1
20258,1
20259,1
20260,0
20261,1
20262,1
20263,1
20264,1
20265,1
20266,1
20267,0
20268,1
20269,1
20270,1
20271,1
20272,0
20273,1
20274,1
20275,1
20276,1
20277,0
20278,1
20279,0
20280,1
20281,1
20282,1
20283,1
20284,1
20285,1
20286,1
20287,0
20288,0
20289,0
20290,1
20291,1
20292,1
20293,0
20294,1
20295,1
20296,1
20297,1
20298,1
20299,1
20300,1
20301,1
20302,1
20303,1
20304,1
20305,1
20306,0
20307,1
20308,0
20309,1
20310,1
20311,0
20312,1
20313,1
20314,1
20315,1
20316,1
20317,1
20318,1
20319,1
20320,1
20321,0
20322,1
20323,1
20324,1
20325,0
20326,0
20327,1
20328,1
20329,1
20330,1
20331,1
20332,1
20333,1
20334,1
20335,1
20336,1
20337,1
20338,1
20339,0
20340,1
20341,1
20342,1
20343,1
20344,1
20345,1
20346,1
20347,1
20348,0
20349,1
20350,1
20351,1
20352,1
20353,1
20354,1
20355,0
20356,1
20357,1
20358,0
20359,1
20360,1
20361,0
20362,1
20363,1
20364,1
20365,1
20366,0
20367,1
20368,1
20369,1
20370,1
20371,0
20372,1
20373,0
20374,1
20375,1
20376,1
20377,1
20378,0
20379,1
20380,1
20381,1
20382,1
20383,1
20384,1
20385,1
20386,1
20387,0
20388,1
20389,1
20390,1
20391,1
20392,1
20393,0
20394,0
20395,1
20396,1
20397,0
20398,1
20399,1
20400,1
20401,1
20402,0
20403,1
20404,1
20405,1
20406,1
20407,1
20408,1
20409,1
20410,1
20411,1
20412,1
20413,1
20414,1
20415,1
20416,1
20417,1
20418,0
20419,1
20420,1
20421,0
20422,0
20423,1
20424,1
20425,0
20426,0
20427,1
20428,1
20429,0
20430,0
20431,0
20432,1
20433,1
20434,0
20435,1
20436,1
20437,1
20438,1
20439,1
20440,1
20441,1
20442,1
20443,1
20444,0
20445,1
20446,1
20447,1
20448,1
20449,0
20450,0
20451,1
20452,1
20453,0
20454,1
20455,1
20456,1
20457,1
20458,1
20459,1
20460,1
20461,1
20462,1
20463,0
20464,0
20465,0
20466,1
20467,1
20468,1
20469,0
20470,0
20471,1
20472,0
20473,1
20474,1
20475,0
20476,0
20477,0
20478,0
20479,0
20480,1
20481,1
20482,1
20483,0
20484,0
20485,0
20486,1
20487,0
20488,1
20489,1
20490,1
20491,1
20492,0
20493,1
20494,1
20495,1
20496,1
20497,1
20498,0
20499,1
20500,1
20501,0
20502,1
20503,1
20504,0
20505,0
20506,1
20507,0
20508,0
20509,1
20510,1
20511,0
20512,1
20513,1
20514,0
20515,1
20516,1
20517,0
20518,1
20519,0
20520,1
20521,1
20522,1
20523,1
20524,0
20525,0
20526,0
20527,1
20528,0
20529,1
20530,1
20531,0
20532,1
20533,1
20534,1
20535,1
20536,1
20537,1
20538,1
20539,1
20540,1
20541,0
20542,0
20543,1
20544,1
20545,0
20546,0
20547,1
20548,1
20549,1
20550,1
20551,0
20552,1
20553,1
20554,0
20555,1
20556,0
20557,1
20558,1
20559,1
20560,0
20561,1
20562,0
20563,0
20564,1
20565,1
20566,0
20567,1
20568,1
20569,1
20570,1
20571,1
20572,1
20573,0
20574,1
20575,1
20576,0
20577,1
20578,1
20579,0
20580,1
20581,1
20582,1
20583,0
20584,1
20585,1
20586,1
20587,0
20588,0
20589,1
20590,1
20591,1
20592,1
20593,1
20594,1
20595,0
20596,1
20597,1
20598,1
20599,0
20600,1
20601,1
20602,0
20603,1
20604,1
20605,1
20606,1
20607,1
20608,1
20609,1
20610,1
20611,1
20612,1
20613,0
20614,1
20615,1
20616,0
20617,1
20618,0
20619,1
20620,0
20621,1
20622,1
20623,1
20624,1
20625,1
20626,1
20627,1
20628,1
20629,1
20630,1
20631,0
20632,1
20633,1
20634,1
20635,1
20636,1
20637,1
20638,1
20639,1
20640,1
20641,1
20642,1
20643,1
20644,1
20645,1
20646,1
20647,1
20648,0
20649,1
20650,0
20651,1
20652,0
20653,1
20654,0
20655,0
20656,1
20657,1
20658,1
20659,0
20660,0
20661,1
20662,0
20663,1
20664,0
20665,1
20666,1
20667,1
20668,1
20669,1
20670,1
20671,1
20672,1
20673,1
20674,1
20675,1
20676,1
20677,1
20678,1
20679,1
20680,1
20681,1
20682,1
20683,1
20684,1
20685,0
20686,0
20687,0
20688,1
20689,1
20690,0
20691,1
20692,1
20693,1
20694,1
20695,0
20696,1
20697,1
20698,1
20699,0
20700,1
20701,0
20702,0
20703,1
20704,1
20705,0
20706,1
20707,0
20708,1
20709,1
20710,0
20711,1
20712,1
20713,1
20714,1
20715,1
20716,1
20717,0
20718,1
20719,1
20720,1
20721,0
20722,0
20723,0
20724,0
20725,0
20726,1
20727,0
20728,0
20729,1
20730,1
20731,1
20732,1
20733,1
20734,1
20735,1
20736,1
20737,1
20738,1
20739,1
20740,1
20741,1
20742,0
20743,0
20744,1
20745,1
20746,1
20747,1
20748,0
20749,1
20750,1
20751,0
20752,0
20753,1
20754,1
20755,1
20756,1
20757,0
20758,1
20759,1
20760,1
20761,0
20762,1
20763,1
20764,1
20765,1
20766,0
20767,1
20768,1
20769,0
20770,1
20771,1
20772,1
20773,1
20774,1
20775,1
20776,1
20777,0
20778,1
20779,0
20780,1
20781,1
20782,1
20783,0
20784,1
20785,1
20786,1
20787,1
20788,1
20789,0
20790,0
20791,1
20792,1
20793,0
20794,1
20795,1
20796,0
20797,1
20798,1
20799,1
20800,0
20801,1
20802,1
20803,1
20804,1
20805,1
20806,1
20807,1
20808,1
20809,1
20810,1
20811,1
20812,1
20813,0
20814,1
20815,1
20816,0
20817,1
20818,0
20819,1
20820,1
20821,1
20822,1
20823,1
20824,1
20825,1
20826,0
20827,0
20828,1
20829,1
20830,1
20831,0
20832,1
20833,1
20834,1
20835,1
20836,1
20837,0
20838,1
20839,1
20840,1
20841,1
20842,0
20843,0
20844,1
20845,1
20846,1
20847,1
20848,1
20849,0
20850,1
20851,1
20852,1
20853,1
20854,1
20855,0
20856,0
20857,1
20858,1
20859,1
20860,1
20861,0
20862,1
20863,0
20864,1
20865,1
20866,0
20867,1
20868,0
20869,1
20870,1
20871,0
20872,0
20873,1
20874,1
20875,1
20876,1
20877,1
20878,1
20879,1
20880,1
20881,0
20882,1
20883,1
20884,0
20885,1
20886,1
20887,1
20888,1
20889,1
20890,1
20891,1
20892,1
20893,1
20894,1
20895,1
20896,1
20897,1
20898,0
20899,1
20900,1
20901,1
20902,1
20903,1
20904,1
20905,0
20906,1
20907,1
20908,0
20909,1
20910,1
20911,1
20912,1
20913,1
20914,1
20915,1
20916,0
20917,0
20918,1
20919,1
20920,1
20921,1
20922,0
20923,1
20924,0
20925,0
20926,1
20927,1
20928,0
20929,1
20930,1
20931,1
20932,0
20933,1
20934,0
20935,1
20936,1
20937,1
20938,1
20939,1
20940,1
20941,0
20942,1
20943,1
20944,1
20945,1
20946,0
20947,1
20948,0
20949,1
20950,1
20951,1
20952,1
20953,1
20954,1
20955,1
20956,1
20957,1
20958,1
20959,1
20960,1
20961,1
20962,0
20963,1
20964,1
20965,1
20966,1
20967,1
20968,1
20969,1
20970,0
20971,0
20972,1
20973,0
20974,1
20975,1
20976,1
20977,1
20978,1
20979,1
20980,1
20981,1
20982,1
20983,0
20984,0
20985,0
20986,0
20987,1
20988,1
20989,1
20990,1
20991,1
20992,0
20993,1
20994,0
20995,0
20996,1
20997,1
20998,0
20999,0
21000,1
21001,1
21002,1
21003,0
21004,1
21005,1
21006,0
21007,1
21008,1
21009,1
21010,1
21011,1
21012,0
21013,1
21014,1
21015,0
21016,1
21017,1
21018,0
21019,1
21020,1
21021,1
21022,0
21023,1
21024,1
21025,1
21026,1
21027,1
21028,1
21029,1
21030,0
21031,0
21032,0
21033,1
21034,0
21035,0
21036,1
21037,1
21038,1
21039,1
21040,1
21041,0
21042,1
21043,1
21044,1
21045,0
21046,1
21047,1
21048,1
21049,1
21050,1
21051,0
21052,1
21053,1
21054,1
21055,1
21056,0
21057,1
21058,0
21059,1
21060,0
21061,1
21062,0
21063,1
21064,1
21065,1
21066,0
21067,1
21068,0
21069,1
21070,1
21071,1
21072,0
21073,0
21074,1
21075,1
21076,1
21077,0
21078,1
21079,1
21080,1
21081,1
21082,1
21083,1
21084,1
21085,1
21086,1
21087,1
21088,0
21089,1
21090,1
21091,1
21092,1
21093,1
21094,0
21095,1
21096,1
21097,0
21098,1
21099,1
21100,1
21101,1
21102,1
21103,0
21104,0
21105,1
21106,0
21107,1
21108,1
21109,1
21110,1
21111,1
21112,1
21113,0
21114,0
21115,1
21116,0
21117,1
21118,1
21119,0
21120,1
21121,1
21122,1
21123,0
21124,1
21125,1
21126,1
21127,1
21128,1
21129,1
21130,1
21131,1
21132,1
21133,1
21134,1
21135,0
21136,0
21137,0
21138,1
21139,0
21140,1
21141,1
21142,0
21143,0
21144,0
21145,1
21146,1
21147,1
21148,1
21149,1
21150,0
21151,1
21152,1
21153,1
21154,1
21155,0
21156,0
21157,1
21158,0
21159,1
21160,0
21161,0
21162,0
21163,1
21164,1
21165,1
21166,0
21167,1
21168,0
21169,1
21170,0
21171,1
21172,0
21173,0
21174,1
21175,1
21176,1
21177,1
21178,1
21179,1
21180,1
21181,0
21182,1
21183,1
21184,0
21185,1
21186,1
21187,1
21188,1
21189,1
21190,1
21191,1
21192,1
21193,1
21194,1
21195,1
21196,1
21197,1
21198,0
21199,1
21200,0
21201,1
21202,0
21203,1
21204,1
21205,1
21206,0
21207,1
21208,1
21209,1
21210,1
21211,0
21212,1
21213,1
21214,1
21215,1
21216,0
21217,0
21218,1
21219,1
21220,1
21221,1
21222,1
21223,0
21224,1
21225,1
21226,1
21227,1
21228,1
21229,1
21230,1
21231,1
21232,1
21233,1
21234,0
21235,1
21236,1
21237,1
21238,0
21239,1
21240,1
21241,1
21242,1
21243,1
21244,1
21245,0
21246,1
21247,0
21248,1
21249,0
21250,0
21251,1
21252,0
21253,1
21254,1
21255,1
21256,1
21257,1
21258,1
21259,1
21260,1
21261,1
21262,1
21263,0
21264,1
21265,1
21266,0
21267,1
21268,0
21269,1
21270,1
21271,1
21272,0
21273,0
21274,1
21275,1
21276,1
21277,1
21278,0
21279,0
21280,1
21281,0
21282,1
21283,1
21284,0
21285,1
21286,0
21287,1
21288,1
21289,1
21290,1
21291,0
21292,1
21293,1
21294,0
21295,0
21296,1
21297,1
21298,1
21299,0
21300,1
21301,1
21302,1
21303,1
21304,1
21305,1
21306,1
21307,1
21308,0
21309,1
21310,1
21311,0
21312,0
21313,1
21314,0
21315,1
21316,1
21317,0
21318,1
21319,0
21320,1
21321,1
21322,0
21323,1
21324,1
21325,0
21326,1
21327,1
21328,1
21329,1
21330,0
21331,1
21332,1
21333,0
21334,1
21335,1
21336,1
21337,0
21338,1
21339,1
21340,1
21341,1
21342,1
21343,1
21344,1
21345,0
21346,0
21347,1
21348,1
21349,1
21350,1
21351,1
21352,1
21353,1
21354,1
21355,1
21356,1
21357,1
21358,1
21359,0
21360,0
21361,1
21362,0
21363,1
21364,1
21365,1
21366,0
21367,1
21368,1
21369,1
21370,1
21371,0
21372,1
21373,1
21374,1
21375,1
21376,1
21377,1
21378,0
21379,1
21380,1
21381,1
21382,1
21383,1
21384,1
21385,1
21386,1
21387,1
21388,1
21389,0
21390,1
21391,1
21392,0
21393,1
21394,1
21395,1
21396,1
21397,1
21398,0
21399,1
21400,1
21401,1
21402,1
21403,1
21404,0
21405,1
21406,1
21407,1
21408,1
21409,1
21410,1
21411,1
21412,0
21413,1
21414,1
21415,1
21416,1
21417,0
21418,1
21419,1
21420,1
21421,0
21422,1
21423,1
21424,0
21425,1
21426,1
21427,0
21428,0
21429,0
21430,1
21431,1
21432,1
21433,0
21434,1
21435,1
21436,1
21437,1
21438,1
21439,1
21440,1
21441,1
21442,1
21443,1
21444,1
21445,0
21446,1
21447,1
21448,1
21449,1
21450,0
21451,1
21452,1
21453,1
21454,1
21455,0
21456,1
21457,0
21458,0
21459,1
21460,0
21461,1
21462,1
21463,0
21464,0
21465,0
21466,1
21467,1
21468,1
21469,1
21470,1
21471,1
21472,1
21473,1
21474,0
21475,1
21476,1
21477,1
21478,0
21479,1
21480,0
21481,1
21482,1
21483,1
21484,0
21485,1
21486,0
21487,1
21488,1
21489,1
21490,1
21491,1
21492,1
21493,1
21494,1
21495,0
21496,1
21497,0
21498,1
21499,0
21500,1
21501,1
21502,1
21503,1
21504,1
21505,1
21506,1
21507,1
21508,1
21509,1
21510,1
21511,1
21512,0
21513,1
21514,1
21515,0
21516,1
21517,1
21518,0
21519,1
21520,0
21521,1
21522,1
21523,0
21524,1
21525,1
21526,1
21527,1
21528,1
21529,0
21530,1
21531,1
21532,1
21533,1
21534,1
21535,1
21536,0
21537,0
21538,0
21539,1
21540,0
21541,1
21542,1
21543,1
21544,1
21545,0
21546,1
21547,1
21548,1
21549,1
21550,1
21551,1
21552,1
21553,1
21554,1
21555,1
21556,1
21557,1
21558,1
21559,1
21560,1
21561,0
21562,0
21563,1
21564,0
21565,0
21566,0
21567,1
21568,1
21569,1
21570,1
21571,1
21572,1
21573,1
21574,1
21575,1
21576,1
21577,1
21578,1
21579,1
21580,0
21581,1
21582,0
21583,0
21584,1
21585,1
21586,1
21587,1
21588,1
21589,1
21590,1
21591,1
21592,1
21593,0
21594,1
21595,1
21596,1
21597,1
21598,0
21599,0
21600,1
21601,1
21602,1
21603,1
21604,1
21605,0
21606,1
21607,1
21608,1
21609,0
21610,1
21611,1
21612,1
21613,1
21614,1
21615,0
21616,1
21617,0
21618,1
21619,1
21620,1
21621,1
21622,0
21623,1
21624,0
21625,1
21626,1
21627,1
21628,1
21629,1
21630,1
21631,0
21632,1
21633,0
21634,1
21635,1
21636,0
21637,1
21638,0
21639,1
21640,0
21641,1
21642,1
21643,1
21644,1
21645,0
21646,1
21647,1
21648,0
21649,1
21650,1
21651,0
21652,1
21653,1
21654,1
21655,1
21656,1
21657,1
21658,0
21659,0
21660,1
21661,1
21662,1
21663,0
21664,1
21665,0
21666,1
21667,0
21668,0
21669,0
21670,1
21671,1
21672,1
21673,0
21674,1
21675,1
21676,1
21677,1
21678,0
21679,1
21680,1
21681,0
21682,1
21683,1
21684,1
21685,1
21686,1
21687,1
21688,0
21689,1
21690,1
21691,1
21692,0
21693,1
21694,1
21695,1
21696,0
21697,1
21698,0
21699,0
21700,0
21701,1
21702,1
21703,0
21704,1
21705,1
21706,1
21707,1
21708,0
21709,1
21710,0
21711,0
21712,1
21713,1
21714,1
21715,1
21716,0
21717,1
21718,0
21719,1
21720,1
21721,1
21722,1
21723,1
21724,1
21725,1
21726,0
21727,0
21728,1
21729,1
21730,1
21731,1
21732,1
21733,1
21734,1
21735,1
21736,0
21737,0
21738,1
21739,1
21740,1
21741,1
21742,1
21743,1
21744,1
21745,1
21746,1
21747,1
21748,1
21749,0
21750,1
21751,1
21752,1
21753,1
21754,1
21755,1
21756,0
21757,1
21758,1
21759,1
21760,0
21761,1
21762,0
21763,1
21764,1
21765,1
21766,1
21767,1
21768,1
21769,1
21770,1
21771,1
21772,1
21773,0
21774,1
21775,1
21776,0
21777,1
21778,0
21779,1
21780,0
21781,1
21782,1
21783,1
21784,1
21785,0
21786,1
21787,0
21788,1
21789,1
21790,1
21791,1
21792,1
21793,1
21794,0
21795,1
21796,1
21797,0
21798,1
21799,1
21800,0
21801,1
21802,1
21803,1
21804,1
21805,1
21806,1
21807,1
21808,1
21809,1
21810,1
21811,1
21812,1
21813,1
21814,0
21815,1
21816,1
21817,0
21818,1
21819,1
21820,1
21821,0
21822,1
21823,1
21824,1
21825,1
21826,1
21827,1
21828,1
21829,1
21830,1
21831,1
21832,1
21833,0
21834,1
21835,1
21836,1
21837,1
21838,1
21839,0
21840,1
21841,0
21842,1
21843,0
21844,1
21845,1
21846,1
21847,1
21848,0
21849,1
21850,1
21851,1
21852,1
21853,1
21854,0
21855,0
21856,0
21857,1
21858,1
21859,1
21860,1
21861,1
21862,1
21863,1
21864,1
21865,1
21866,0
21867,1
21868,1
21869,0
21870,1
21871,0
21872,1
21873,0
21874,1
21875,1
21876,0
21877,1
21878,1
21879,1
21880,1
21881,0
21882,0
21883,1
21884,1
21885,0
21886,1
21887,1
21888,1
21889,1
21890,1
21891,0
21892,1
21893,1
21894,1
21895,1
21896,1
21897,1
21898,1
21899,1
21900,1
21901,0
21902,1
21903,1
21904,1
21905,1
21906,1
21907,1
21908,1
21909,1
21910,0
21911,1
21912,1
21913,0
21914,1
21915,0
21916,1
21917,0
21918,1
21919,1
21920,0
21921,1
21922,1
21923,0
21924,1
21925,1
21926,1
21927,1
21928,1
21929,1
21930,0
21931,1
21932,0
21933,1
21934,1
21935,1
21936,1
21937,0
21938,1
21939,1
21940,1
21941,0
21942,1
21943,1
21944,1
21945,0
21946,0
21947,1
21948,1
21949,1
21950,1
21951,1
21952,1
21953,0
21954,1
21955,1
21956,1
21957,1
21958,1
21959,1
21960,1
21961,1
21962,1
21963,1
21964,1
21965,1
21966,0
21967,1
21968,1
21969,0
21970,1
21971,0
21972,1
21973,1
21974,1
21975,1
21976,1
21977,1
21978,1
21979,1
21980,1
21981,1
21982,1
21983,1
21984,0
21985,1
21986,1
21987,1
21988,1
21989,1
21990,1
21991,1
21992,1
21993,1
21994,1
21995,0
21996,0
21997,0
21998,1
21999,0
22000,1
22001,1
22002,0
22003,1
22004,0
22005,1
22006,1
22007,1
22008,1
22009,1
22010,1
22011,1
22012,0
22013,0
22014,0
22015,1
22016,1
22017,1
22018,1
22019,1
22020,1
22021,1
22022,0
22023,1
22024,1
22025,1
22026,1
22027,0
22028,1
22029,1
22030,0
22031,1
22032,1
22033,1
22034,1
22035,1
22036,1
22037,1
22038,1
22039,1
22040,1
22041,1
22042,1
22043,0
22044,1
22045,1
22046,1
22047,1
22048,0
22049,1
22050,0
22051,1
22052,0
22053,1
22054,1
22055,1
22056,1
22057,1
22058,1
22059,1
22060,1
22061,1
22062,0
22063,1
22064,1
22065,0
22066,1
22067,1
22068,1
22069,1
22070,1
22071,1
22072,1
22073,1
22074,1
22075,0
22076,1
22077,1
22078,1
22079,1
22080,1
22081,1
22082,0
22083,1
22084,1
22085,1
22086,1
22087,1
22088,1
22089,1
22090,1
22091,1
22092,1
22093,1
22094,1
22095,1
22096,1
22097,1
22098,0
22099,1
22100,1
22101,1
22102,0
22103,1
22104,1
22105,0
22106,1
22107,1
22108,1
22109,1
22110,1
22111,1
22112,0
22113,1
22114,1
22115,1
22116,1
22117,1
22118,1
22119,1
22120,1
22121,0
22122,0
22123,0
22124,1
22125,1
22126,1
22127,1
22128,0
22129,1
22130,0
22131,1
22132,1
22133,1
22134,1
22135,1
22136,1
22137,0
22138,0
22139,1
22140,0
22141,1
22142,1
22143,0
22144,0
22145,1
22146,1
22147,1
22148,0
22149,1
22150,1
22151,1
22152,1
22153,0
22154,1
22155,1
22156,0
22157,1
22158,1
22159,1
22160,1
22161,1
22162,1
22163,0
22164,1
22165,0
22166,1
22167,1
22168,1
22169,1
22170,1
22171,1
22172,0
22173,0
22174,1
22175,0
22176,1
22177,0
22178,1
22179,1
22180,1
22181,1
22182,0
22183,1
22184,1
22185,1
22186,1
22187,0
22188,1
22189,1
22190,1
22191,1
22192,1
22193,1
22194,1
22195,0
22196,0
22197,1
22198,1
22199,1
22200,1
22201,1
22202,1
22203,1
22204,1
22205,1
22206,0
22207,1
22208,1
22209,1
22210,0
22211,1
22212,1
22213,1
22214,1
22215,1
22216,1
22217,1
22218,1
22219,0
22220,1
22221,1
22222,1
22223,1
22224,1
22225,0
22226,0
22227,1
22228,0
22229,1
22230,1
22231,1
22232,1
22233,1
22234,0
22235,1
22236,0
22237,0
22238,1
22239,1
22240,1
22241,1
22242,1
22243,0
22244,1
22245,1
22246,1
22247,1
22248,1
22249,1
22250,1
22251,1
22252,1
22253,1
22254,1
22255,0
22256,1
22257,1
22258,1
22259,0
22260,1
22261,1
22262,1
22263,1
22264,1
22265,1
22266,1
22267,1
22268,1
22269,1
22270,1
22271,1
22272,1
22273,1
22274,1
22275,1
22276,1
22277,0
22278,0
22279,1
22280,1
22281,1
22282,0
22283,1
22284,1
22285,0
22286,1
22287,0
22288,1
22289,1
22290,0
22291,0
22292,0
22293,1
22294,1
22295,1
22296,1
22297,1
22298,0
22299,1
22300,1
22301,1
22302,1
22303,1
22304,1
22305,1
22306,1
22307,1
22308,0
22309,1
22310,1
22311,1
22312,1
22313,1
22314,1
22315,0
22316,0
22317,1
22318,1
22319,0
22320,0
22321,0
22322,1
22323,0
22324,1
22325,0
22326,1
22327,1
22328,1
22329,1
22330,1
22331,0
22332,0
22333,1
22334,1
22335,1
22336,1
22337,1
22338,1
22339,1
22340,1
22341,1
22342,1
22343,1
22344,1
22345,1
22346,1
22347,1
22348,0
22349,0
22350,0
22351,0
22352,1
22353,1
22354,1
22355,1
22356,0
22357,1
22358,1
22359,0
22360,1
22361,0
22362,1
22363,1
22364,1
22365,1
22366,1
22367,0
22368,1
22369,1
22370,0
22371,1
22372,0
22373,0
22374,0
22375,1
22376,1
22377,1
22378,1
22379,1
22380,1
22381,1
22382,1
22383,1
22384,1
22385,1
22386,1
22387,1
22388,0
22389,0
22390,1
22391,0
22392,1
22393,1
22394,1
22395,0
22396,0
22397,0
22398,1
22399,0
22400,1
22401,1
22402,1
22403,1
22404,1
22405,1
22406,1
22407,0
22408,1
22409,1
22410,0
22411,1
22412,1
22413,0
22414,1
22415,1
22416,0
22417,1
22418,1
22419,0
22420,1
22421,1
22422,1
22423,1
22424,1
22425,1
22426,1
22427,1
22428,0
22429,1
22430,1
22431,1
22432,1
22433,1
22434,1
22435,1
22436,0
22437,0
22438,0
22439,1
22440,0
22441,1
22442,1
22443,1
22444,1
22445,1
22446,0
22447,0
22448,1
22449,1
22450,1
22451,1
22452,1
22453,1
22454,0
22455,1
22456,1
22457,1
22458,1
22459,1
22460,1
22461,1
22462,0
22463,1
22464,0
22465,1
22466,1
22467,1
22468,1
22469,0
22470,1
22471,1
22472,1
22473,1
22474,1
22475,1
22476,0
22477,1
22478,0
22479,1
22480,1
22481,0
22482,1
22483,1
22484,1
22485,0
22486,1
22487,1
22488,1
22489,1
22490,1
22491,1
22492,1
22493,1
22494,1
22495,1
22496,1
22497,1
22498,1
22499,1
22500,1
22501,1
22502,1
22503,1
22504,1
22505,1
22506,1
22507,1
22508,1
22509,0
22510,1
22511,1
22512,1
22513,0
22514,1
22515,1
22516,1
22517,1
22518,1
22519,1
22520,1
22521,1
22522,1
22523,0
22524,0
22525,0
22526,1
22527,1
22528,1
22529,1
22530,1
22531,1
22532,0
22533,1
22534,1
22535,1
22536,1
22537,0
22538,1
22539,0
22540,0
22541,0
22542,1
22543,1
22544,1
22545,1
22546,1
22547,0
22548,1
22549,0
22550,1
22551,1
22552,0
22553,0
22554,1
22555,1
22556,0
22557,1
22558,1
22559,0
22560,0
22561,1
22562,1
22563,1
22564,0
22565,1
22566,1
22567,1
22568,1
22569,0
22570,0
22571,1
22572,1
22573,1
22574,1
22575,0
22576,1
22577,1
22578,1
22579,1
22580,0
22581,1
22582,1
22583,1
22584,0
22585,0
22586,1
22587,1
22588,1
22589,1
22590,1
22591,1
22592,0
22593,1
22594,1
22595,1
22596,1
22597,1
22598,1
22599,1
22600,1
22601,1
22602,1
22603,1
22604,1
22605,1
22606,0
22607,1
22608,1
22609,1
22610,1
22611,1
22612,1
22613,1
22614,1
22615,1
22616,1
22617,0
22618,0
22619,1
22620,1
22621,1
22622,1
22623,0
22624,1
22625,1
22626,1
22627,0
22628,0
22629,1
22630,0
22631,1
22632,1
22633,0
22634,0
22635,1
22636,1
22637,1
22638,1
22639,1
22640,1
22641,1
22642,1
22643,1
22644,1
22645,0
22646,0
22647,1
22648,1
22649,1
22650,1
22651,1
22652,1
22653,1
22654,0
22655,0
22656,1
22657,1
22658,1
22659,1
22660,1
22661,1
22662,1
22663,0
22664,1
22665,1
22666,1
22667,1
22668,0
22669,0
22670,0
22671,1
22672,1
22673,0
22674,1
22675,1
22676,1
22677,1
22678,1
22679,1
22680,1
22681,1
22682,0
22683,1
22684,1
22685,1
22686,1
22687,1
22688,1
22689,0
22690,1
22691,1
22692,1
22693,1
22694,0
22695,1
22696,1
22697,0
22698,0
22699,1
22700,1
22701,0
22702,1
22703,1
22704,1
22705,1
22706,1
22707,0
22708,1
22709,1
22710,1
22711,0
22712,1
22713,0
22714,0
22715,1
22716,1
22717,1
22718,1
22719,1
22720,1
22721,1
22722,1
22723,0
22724,1
22725,1
22726,1
22727,1
22728,1
22729,1
22730,0
22731,1
22732,1
22733,1
22734,1
22735,0
22736,1
22737,1
22738,1
22739,1
22740,0
22741,1
22742,1
22743,1
22744,0
22745,1
22746,1
22747,1
22748,0
22749,0
22750,1
22751,0
22752,0
22753,1
22754,1
22755,1
22756,0
22757,0
22758,1
22759,0
22760,1
22761,1
22762,1
22763,1
22764,1
22765,1
22766,1
22767,1
22768,1
22769,0
22770,0
22771,1
22772,1
22773,1
22774,1
22775,1
22776,1
22777,1
22778,1
22779,1
22780,1
22781,1
22782,1
22783,1
22784,1
22785,1
22786,1
22787,1
22788,0
22789,1
22790,1
22791,1
22792,1
22793,1
22794,1
22795,1
22796,0
22797,1
22798,1
22799,1
22800,1
22801,1
22802,1
22803,0
22804,1
22805,1
22806,1
22807,1
22808,1
22809,0
22810,1
22811,1
22812,1
22813,0
22814,1
22815,1
22816,1
22817,1
22818,1
22819,0
22820,1
22821,1
22822,0
22823,1
22824,1
22825,1
22826,0
22827,1
22828,1
22829,1
22830,1
22831,1
22832,0
22833,0
22834,0
22835,1
22836,1
22837,1
22838,1
22839,0
22840,1
22841,1
22842,0
22843,1
22844,1
22845,0
22846,1
22847,1
22848,0
22849,1
22850,0
22851,0
22852,0
22853,1
22854,1
22855,1
22856,0
22857,1
22858,1
22859,1
22860,1
22861,1
22862,1
22863,1
22864,0
22865,0
22866,0
22867,1
22868,1
22869,1
22870,1
22871,1
22872,1
22873,1
22874,1
22875,1
22876,0
22877,1
22878,1
22879,1
22880,0
22881,0
22882,0
22883,1
22884,1
22885,0
22886,1
22887,1
22888,1
22889,1
22890,1
22891,0
22892,1
22893,1
22894,1
22895,1
22896,1
22897,0
22898,1
22899,1
22900,1
22901,1
22902,0
22903,1
22904,0
22905,1
22906,1
22907,0
22908,1
22909,1
22910,1
22911,0
22912,1
22913,1
22914,0
22915,0
22916,0
22917,1
22918,0
22919,1
22920,1
22921,1
22922,1
22923,1
22924,1
22925,0
22926,1
22927,0
22928,0
22929,1
22930,0
22931,0
22932,1
22933,1
22934,1
22935,1
22936,1
22937,1
22938,0
22939,0
22940,1
22941,1
22942,1
22943,0
22944,1
22945,1
22946,0
22947,1
22948,1
22949,1
22950,1
22951,1
22952,1
22953,1
22954,0
22955,1
22956,1
22957,1
22958,1
22959,1
22960,0
22961,0
22962,1
22963,0
22964,1
22965,0
22966,1
22967,1
22968,0
22969,1
22970,1
22971,0
22972,0
22973,1
22974,0
22975,1
22976,1
22977,0
22978,1
22979,1
22980,1
22981,1
22982,1
22983,1
22984,1
22985,0
22986,1
22987,0
22988,0
22989,1
22990,1
22991,0
22992,0
22993,1
22994,1
22995,1
22996,1
22997,0
22998,1
22999,1
23000,1
23001,1
23002,1
23003,1
23004,1
23005,0
23006,1
23007,1
23008,1
23009,1
23010,0
23011,1
23012,1
23013,1
23014,1
23015,1
23016,1
23017,1
23018,0
23019,0
23020,1
23021,1
23022,0
23023,1
23024,1
23025,1
23026,0
23027,0
23028,1
23029,1
23030,1
23031,1
23032,1
23033,1
23034,1
23035,0
23036,1
23037,1
23038,1
23039,0
23040,1
23041,1
23042,1
23043,1
23044,1
23045,1
23046,1
23047,1
23048,0
23049,1
23050,0
23051,1
23052,1
23053,0
23054,1
23055,1
23056,0
23057,1
23058,1
23059,1
23060,1
23061,0
23062,0
23063,1
23064,1
23065,1
23066,1
23067,1
23068,1
23069,1
23070,1
23071,0
23072,1
23073,1
23074,1
23075,0
23076,1
23077,0
23078,1
23079,1
23080,0
23081,1
23082,1
23083,1
23084,1
23085,1
23086,0
23087,1
23088,1
23089,1
23090,1
23091,0
23092,1
23093,1
23094,1
23095,1
23096,1
23097,0
23098,1
23099,1
23100,1
23101,0
23102,1
23103,1
23104,1
23105,1
23106,1
23107,0
23108,1
23109,1
23110,0
23111,0
23112,1
23113,1
23114,1
23115,1
23116,1
23117,0
23118,0
23119,1
23120,1
23121,1
23122,1
23123,1
23124,0
23125,1
23126,0
23127,0
23128,1
23129,1
23130,1
23131,0
23132,1
23133,1
23134,1
23135,1
23136,1
23137,1
23138,1
23139,1
23140,1
23141,0
23142,0
23143,1
23144,1
23145,1
23146,1
23147,0
23148,1
23149,1
23150,1
23151,1
23152,1
23153,1
23154,1
23155,1
23156,1
23157,0
23158,0
23159,0
23160,1
23161,0
23162,1
23163,1
23164,1
23165,0
23166,1
23167,1
23168,1
23169,1
23170,1
23171,1
23172,0
23173,1
23174,1
23175,1
23176,1
23177,1
23178,0
23179,0
23180,0
23181,1
23182,0
23183,1
23184,1
23185,1
23186,1
23187,1
23188,1
23189,1
23190,1
23191,0
23192,1
23193,1
23194,1
23195,0
23196,1
23197,0
23198,1
23199,1
23200,1
23201,1
23202,1
23203,1
23204,1
23205,0
23206,1
23207,1
23208,1
23209,1
23210,0
23211,0
23212,1
23213,1
23214,0
23215,1
23216,1
23217,1
23218,0
23219,0
23220,0
23221,1
23222,1
23223,1
23224,0
23225,1
23226,1
23227,1
23228,1
23229,1
23230,1
23231,1
23232,1
23233,0
23234,1
23235,1
23236,1
23237,1
23238,0
23239,1
23240,0
23241,1
23242,1
23243,1
23244,0
23245,0
23246,1
23247,1
23248,1
23249,1
23250,1
23251,1
23252,1
23253,1
23254,1
23255,1
23256,1
23257,1
23258,1
23259,1
23260,1
23261,1
23262,1
23263,1
23264,1
23265,1
23266,0
23267,1
23268,1
23269,1
23270,0
23271,1
23272,1
23273,0
23274,1
23275,1
23276,1
23277,1
23278,1
23279,1
23280,1
23281,0
23282,1
23283,1
23284,1
23285,1
23286,1
23287,1
23288,1
23289,1
23290,1
23291,1
23292,0
23293,1
23294,0
23295,1
23296,0
23297,1
23298,1
23299,0
23300,0
23301,1
23302,1
23303,1
23304,1
23305,0
23306,1
23307,1
23308,1
23309,0
23310,1
23311,1
23312,1
23313,1
23314,0
23315,1
23316,0
23317,1
23318,1
23319,1
23320,1
23321,1
23322,1
23323,0
23324,1
23325,1
23326,1
23327,1
23328,0
23329,0
23330,1
23331,1
23332,1
23333,1
23334,0
23335,1
23336,0
23337,1
23338,1
23339,1
23340,1
23341,1
23342,0
23343,1
23344,1
23345,1
23346,0
23347,1
23348,1
23349,1
23350,1
23351,1
23352,0
23353,1
23354,1
23355,1
23356,0
23357,1
23358,1
23359,0
23360,0
23361,1
23362,1
23363,1
23364,1
23365,1
23366,1
23367,1
23368,1
23369,1
23370,1
23371,1
23372,1
23373,0
23374,1
23375,1
23376,1
23377,1
23378,1
23379,1
23380,1
23381,1
23382,1
23383,0
23384,1
23385,1
23386,1
23387,0
23388,1
23389,0
23390,1
23391,1
23392,1
23393,1
23394,0
23395,1
23396,1
23397,1
23398,1
23399,1
23400,1
23401,1
23402,1
23403,1
23404,1
23405,0
23406,1
23407,1
23408,1
23409,1
23410,0
23411,0
23412,1
23413,1
23414,0
23415,1
23416,0
23417,1
23418,0
23419,1
23420,1
23421,1
23422,1
23423,0
23424,0
23425,1
23426,1
23427,1
23428,1
23429,1
23430,0
23431,0
23432,1
23433,1
23434,1
23435,1
23436,1
23437,1
23438,0
23439,1
23440,1
23441,1
23442,1
23443,1
23444,1
23445,1
23446,1
23447,1
23448,1
23449,1
23450,1
23451,1
23452,1
23453,1
23454,1
23455,1
23456,0
23457,0
23458,1
23459,1
23460,1
23461,1
23462,0
23463,1
23464,1
23465,0
23466,1
23467,1
23468,0
23469,0
23470,0
23471,1
23472,1
23473,1
23474,1
23475,1
23476,1
23477,0
23478,1
23479,0
23480,1
23481,1
23482,1
23483,1
23484,0
23485,1
23486,1
23487,1
23488,1
23489,1
23490,1
23491,0
23492,1
23493,0
23494,1
23495,1
23496,1
23497,0
23498,1
23499,0
23500,1
23501,1
23502,0
23503,1
23504,0
23505,1
23506,1
23507,1
23508,1
23509,0
23510,1
23511,1
23512,0
23513,0
23514,1
23515,1
23516,1
23517,0
23518,0
23519,1
23520,1
23521,1
23522,1
23523,1
23524,1
23525,0
23526,1
23527,1
23528,1
23529,0
23530,1
23531,0
23532,1
23533,1
23534,1
23535,1
23536,1
23537,1
23538,1
23539,1
23540,1
23541,0
23542,0
23543,1
23544,1
23545,1
23546,1
23547,1
23548,0
23549,1
23550,1
23551,1
23552,0
23553,1
23554,1
23555,1
23556,1
23557,1
23558,0
23559,0
23560,0
23561,1
23562,1
23563,0
23564,1
23565,1
23566,1
23567,1
23568,0
23569,1
23570,1
23571,1
23572,0
23573,0
23574,0
23575,0
23576,1
23577,1
23578,1
23579,1
23580,0
23581,1
23582,1
23583,1
23584,1
23585,1
23586,0
23587,0
23588,1
23589,0
23590,1
23591,0
23592,1
23593,1
23594,1
23595,1
23596,0
23597,1
23598,1
23599,1
23600,1
23601,1
23602,1
23603,1
23604,1
23605,0
23606,1
23607,1
23608,1
23609,1
23610,1
23611,1
23612,1
23613,1
23614,1
23615,0
23616,1
23617,1
23618,0
23619,0
23620,1
23621,0
23622,1
23623,1
23624,1
23625,1
23626,1
23627,1
23628,0
23629,1
23630,1
23631,0
23632,1
23633,1
23634,0
23635,1
23636,0
23637,0
23638,1
23639,1
23640,1
23641,1
23642,1
23643,0
23644,0
23645,1
23646,1
23647,1
23648,1
23649,1
23650,1
23651,1
23652,1
23653,1
23654,0
23655,0
23656,0
23657,1
23658,1
23659,1
23660,0
23661,1
23662,0
23663,1
23664,1
23665,1
23666,0
23667,1
23668,0
23669,1
23670,1
23671,0
23672,0
23673,0
23674,1
23675,1
23676,1
23677,0
23678,1
23679,1
23680,1
23681,1
23682,0
23683,1
23684,1
23685,1
23686,1
23687,1
23688,0
23689,1
23690,1
23691,0
23692,1
23693,0
23694,0
23695,1
23696,0
23697,0
23698,0
23699,1
23700,1
23701,0
23702,1
23703,0
23704,0
23705,1
23706,1
23707,1
23708,0
23709,1
23710,0
23711,1
23712,0
23713,1
23714,0
23715,0
23716,1
23717,1
23718,0
23719,1
23720,1
23721,1
23722,1
23723,1
23724,1
23725,1
23726,1
23727,1
23728,1
23729,1
23730,1
23731,1
23732,1
23733,1
23734,0
23735,1
23736,1
23737,1
23738,1
23739,1
23740,0
23741,0
23742,1
23743,0
23744,1
23745,1
23746,1
23747,1
23748,1
23749,1
23750,1
23751,1
23752,1
23753,1
23754,1
23755,1
23756,1
23757,1
23758,1
23759,1
23760,0
23761,1
23762,1
23763,1
23764,1
23765,1
23766,1
23767,1
23768,0
23769,1
23770,0
23771,1
23772,1
23773,1
23774,1
23775,1
23776,1
23777,1
23778,0
23779,1
23780,0
23781,0
23782,1
23783,1
23784,1
23785,1
23786,1
23787,1
23788,1
23789,1
23790,1
23791,1
23792,1
23793,1
23794,1
23795,1
23796,1
23797,1
23798,1
23799,0
23800,1
23801,0
23802,0
23803,1
23804,1
23805,1
23806,1
23807,0
23808,1
23809,1
23810,0
23811,1
23812,1
23813,0
23814,1
23815,1
23816,1
23817,1
23818,0
23819,1
23820,1
23821,1
23822,1
23823,1
23824,1
23825,1
23826,1
23827,1
23828,1
23829,0
23830,1
23831,0
23832,0
23833,1
23834,1
23835,1
23836,1
23837,0
23838,1
23839,1
23840,1
23841,0
23842,0
23843,0
23844,0
23845,1
23846,0
23847,1
23848,1
23849,1
23850,1
23851,1
23852,1
23853,1
23854,0
23855,1
23856,0
23857,0
23858,0
23859,0
23860,1
23861,1
23862,0
23863,1
23864,1
23865,1
23866,1
23867,0
23868,1
23869,1
23870,0
23871,0
23872,1
23873,1
23874,0
23875,1
23876,1
23877,0
23878,1
23879,1
23880,1
23881,1
23882,1
23883,1
23884,0
23885,1
23886,1
23887,1
23888,1
23889,0
23890,1
23891,1
23892,0
23893,1
23894,1
23895,1
23896,1
23897,1
23898,0
23899,0
23900,1
23901,1
23902,1
23903,1
23904,1
23905,1
23906,1
23907,1
23908,1
23909,1
23910,1
23911,0
23912,0
23913,1
23914,1
23915,1
23916,1
23917,0
23918,0
23919,1
23920,0
23921,1
23922,1
23923,1
23924,1
23925,1
23926,1
23927,1
23928,1
23929,1
23930,1
23931,1
23932,1
23933,1
23934,0
23935,1
23936,1
23937,0
23938,1
23939,1
23940,0
23941,0
23942,1
23943,1
23944,1
23945,1
23946,1
23947,1
23948,1
23949,0
23950,1
23951,1
23952,1
23953,1
23954,0
23955,1
23956,1
23957,1
23958,0
23959,1
23960,1
23961,1
23962,1
23963,0
23964,1
23965,1
23966,1
23967,1
23968,0
23969,0
23970,1
23971,1
23972,1
23973,1
23974,0
23975,1
23976,1
23977,0
23978,1
23979,1
23980,1
23981,1
23982,1
23983,1
23984,0
23985,1
23986,0
23987,1
23988,1
23989,1
23990,0
23991,1
23992,1
23993,0
23994,1
23995,1
23996,0
23997,1
23998,0
23999,1
24000,1
24001,1
24002,1
24003,1
24004,1
24005,1
24006,1
24007,1
24008,1
24009,1
24010,1
24011,1
24012,1
24013,0
24014,1
24015,1
24016,1
24017,1
24018,0
24019,1
24020,1
24021,1
24022,0
24023,1
24024,0
24025,1
24026,1
24027,0
24028,0
24029,1
24030,0
24031,0
24032,1
24033,1
24034,1
24035,1
24036,1
24037,1
24038,1
24039,1
24040,0
24041,1
24042,1
24043,1
24044,1
24045,1
24046,1
24047,0
24048,0
24049,1
24050,1
24051,0
24052,1
24053,1
24054,0
24055,0
24056,1
24057,1
24058,1
24059,1
24060,1
24061,1
24062,1
24063,1
24064,0
24065,1
24066,1
24067,0
24068,1
24069,0
24070,0
24071,0
24072,1
24073,0
24074,0
24075,1
24076,1
24077,1
24078,1
24079,1
24080,1
24081,0
24082,1
24083,1
24084,1
24085,1
24086,0
24087,1
24088,1
24089,1
24090,1
24091,1
24092,0
24093,1
24094,1
24095,1
24096,1
24097,1
24098,0
24099,1
24100,1
24101,1
24102,1
24103,1
24104,0
24105,0
24106,0
24107,1
24108,1
24109,1
24110,0
24111,1
24112,0
24113,0
24114,1
24115,1
24116,1
24117,1
24118,0
24119,0
24120,1
24121,0
24122,1
24123,1
24124,1
24125,1
24126,1
24127,1
24128,1
24129,0
24130,1
24131,1
24132,0
24133,1
24134,1
24135,0
24136,1
24137,0
24138,1
24139,1
24140,1
24141,0
24142,0
24143,1
24144,1
24145,1
24146,1
24147,1
24148,1
24149,1
24150,1
24151,1
24152,1
24153,1
24154,0
24155,1
24156,1
24157,0
24158,1
24159,1
24160,0
24161,1
24162,1
24163,0
24164,1
24165,1
24166,1
24167,1
24168,1
24169,0
24170,1
24171,1
24172,0
24173,1
24174,1
24175,0
24176,0
24177,1
24178,1
24179,0
24180,0
24181,1
24182,1
24183,1
24184,1
24185,0
24186,1
24187,0
24188,0
24189,1
24190,1
24191,1
24192,1
24193,1
24194,1
24195,1
24196,0
24197,0
24198,0
24199,1
24200,1
24201,1
24202,1
24203,0
24204,1
24205,1
24206,1
24207,1
24208,1
24209,1
24210,0
24211,1
24212,1
24213,1
24214,0
24215,1
24216,1
24217,1
24218,0
24219,1
24220,0
24221,1
24222,0
24223,1
24224,1
24225,1
24226,0
24227,1
24228,1
24229,1
24230,1
24231,0
24232,1
24233,1
24234,1
24235,0
24236,1
24237,1
24238,1
24239,1
24240,1
24241,1
24242,1
24243,1
24244,1
24245,1
24246,1
24247,0
24248,1
24249,1
24250,1
24251,1
24252,0
24253,1
24254,0
24255,1
24256,1
24257,0
24258,1
24259,1
24260,1
24261,1
24262,1
24263,1
24264,1
24265,1
24266,0
24267,1
24268,1
24269,0
24270,1
24271,1
24272,0
24273,1
24274,1
24275,1
24276,1
24277,0
24278,0
24279,1
24280,1
24281,1
24282,1
24283,1
24284,1
24285,1
24286,1
24287,1
24288,1
24289,1
24290,0
24291,1
24292,1
24293,0
24294,1
24295,1
24296,1
24297,1
24298,1
24299,0
24300,0
24301,1
24302,0
24303,0
24304,1
24305,1
24306,1
24307,1
24308,1
24309,0
24310,1
24311,1
24312,1
24313,0
24314,1
24315,1
24316,1
24317,1
24318,1
24319,1
24320,1
24321,1
24322,0
24323,1
24324,1
24325,1
24326,1
24327,1
24328,1
24329,1
24330,0
24331,1
24332,0
24333,1
24334,0
24335,1
24336,1
24337,1
24338,1
24339,1
24340,1
24341,1
24342,1
24343,1
24344,0
24345,0
24346,1
24347,1
24348,0
24349,1
24350,1
24351,0
24352,1
24353,1
24354,1
24355,1
24356,1
24357,1
24358,0
24359,1
24360,1
24361,1
24362,1
24363,1
24364,1
24365,0
24366,0
24367,1
24368,0
24369,1
24370,0
24371,1
24372,1
24373,1
24374,1
24375,1
24376,1
24377,1
24378,1
24379,1
24380,0
24381,0
24382,1
24383,1
24384,1
24385,1
24386,0
24387,0
24388,0
24389,1
24390,1
24391,0
24392,0
24393,0
24394,1
24395,0
24396,1
24397,1
24398,1
24399,1
24400,1
24401,1
24402,1
24403,1
24404,1
24405,1
24406,1
24407,1
24408,0
24409,1
24410,1
24411,1
24412,0
24413,1
24414,0
24415,1
24416,1
24417,1
24418,1
24419,1
24420,1
24421,0
24422,0
24423,1
24424,1
24425,1
24426,1
24427,1
24428,0
24429,1
24430,1
24431,0
24432,0
24433,1
24434,1
24435,1
24436,0
24437,1
24438,1
24439,1
24440,1
24441,1
24442,1
24443,1
24444,1
24445,1
24446,1
24447,1
24448,1
24449,1
24450,1
24451,1
24452,1
24453,0
24454,1
24455,0
24456,0
24457,0
24458,1
24459,1
24460,0
24461,1
24462,1
24463,1
24464,1
24465,1
24466,1
24467,0
24468,0
24469,1
24470,1
24471,1
24472,0
24473,1
24474,1
24475,0
24476,1
24477,1
24478,1
24479,1
24480,1
24481,0
24482,1
24483,1
24484,1
24485,1
24486,1
24487,1
24488,1
24489,0
24490,1
24491,1
24492,1
24493,0
24494,1
24495,1
24496,0
24497,0
24498,0
24499,1
24500,1
24501,1
24502,1
24503,1
24504,0
24505,1
24506,1
24507,0
24508,1
24509,1
24510,1
24511,1
24512,1
24513,1
24514,1
24515,1
24516,1
24517,1
24518,1
24519,1
24520,1
24521,1
24522,0
24523,1
24524,1
24525,0
24526,1
24527,0
24528,0
24529,1
24530,0
24531,1
24532,1
24533,0
24534,1
24535,0
24536,0
24537,0
24538,1
24539,1
24540,1
24541,1
24542,1
24543,1
24544,1
24545,1
24546,1
24547,0
24548,0
24549,1
24550,0
24551,1
24552,0
24553,1
24554,1
24555,1
24556,1
24557,1
24558,1
24559,1
24560,0
24561,0
24562,1
24563,1
24564,0
24565,1
24566,0
24567,1
24568,1
24569,1
24570,1
24571,1
24572,0
24573,1
24574,1
24575,1
24576,0
24577,1
24578,1
24579,1
24580,1
24581,1
24582,0
24583,1
24584,1
24585,0
24586,1
24587,0
24588,1
24589,1
24590,1
24591,1
24592,1
24593,0
24594,1
24595,0
24596,1
24597,1
24598,1
24599,1
24600,1
24601,1
24602,1
24603,1
24604,1
24605,1
24606,1
24607,1
24608,1
24609,1
24610,0
24611,0
24612,0
24613,1
24614,1
24615,0
24616,1
24617,1
24618,1
24619,1
24620,1
24621,0
24622,1
24623,1
24624,0
24625,0
24626,1
24627,1
24628,1
24629,0
24630,1
24631,1
24632,1
24633,0
24634,1
24635,1
24636,1
24637,1
24638,1
24639,1
24640,1
24641,1
24642,1
24643,1
24644,1
24645,0
24646,1
24647,1
24648,1
24649,0
24650,1
24651,0
24652,1
24653,1
24654,1
24655,1
24656,1
24657,1
24658,1
24659,1
24660,1
24661,1
24662,1
24663,1
24664,1
24665,1
24666,1
24667,1
24668,0
24669,0
24670,1
24671,0
24672,1
24673,1
24674,1
24675,0
24676,0
24677,0
24678,0
24679,1
24680,1
24681,1
24682,1
24683,1
24684,1
24685,1
24686,1
24687,1
24688,1
24689,1
24690,1
24691,1
24692,1
24693,1
24694,1
24695,0
24696,1
24697,1
24698,0
