id,Time_spent_Alone,Stage_fear,Social_event_attendance,Going_outside,Drained_after_socializing,Friends_circle_size,Post_frequency,Personality,label,Stage_fear_binary,Drained_after_socializing_binary,gradient_norm
63,8.0,Yes,4.0,2.0,Yes,8.0,0.0,Extrovert,1,1,1,0.010246178
91,3.0,No,3.0,7.0,No,4.0,9.0,Extrovert,1,0,0,0.003668108
102,6.0,Yes,2.0,0.0,Yes,2.0,0.0,Extrovert,1,1,1,0.011507052
108,9.0,No,6.0,6.0,No,15.0,4.0,Extrovert,1,0,0,0.002930105
124,4.0,No,7.0,6.0,No,11.0,3.0,Introvert,0,0,0,0.09509077
139,11.0,,2.0,2.0,Yes,2.0,2.0,Extrovert,1,0,1,0.013294491
149,0.0,No,4.0,6.0,No,8.0,3.0,Introvert,0,0,0,0.027736964
178,3.0,No,3.0,6.0,,4.0,8.0,Extrovert,1,0,0,0.0028731008
245,10.0,No,3.0,5.0,No,5.0,4.0,Introvert,0,0,0,0.017616108
248,7.0,No,4.0,4.0,No,7.0,7.0,Extrovert,1,0,0,0.010172138
272,4.0,No,5.0,3.0,No,12.0,3.0,Introvert,0,0,0,0.076880954
285,2.0,No,9.0,5.0,No,12.0,6.0,Introvert,0,0,0,0.027479649
338,2.0,No,9.0,6.0,No,13.0,8.0,Introvert,0,0,0,0.024093617
398,4.0,Yes,2.0,2.0,Yes,7.0,2.0,Extrovert,1,1,1,0.008445272
403,6.0,,1.0,4.0,Yes,3.0,2.0,Extrovert,1,0,1,0.011765934
443,4.0,Yes,1.0,7.0,Yes,2.0,7.0,Extrovert,1,1,1,0.014681975
503,11.0,Yes,1.0,2.0,,3.0,1.0,Extrovert,1,1,0,0.01451327
514,11.0,,2.0,0.0,,5.0,0.0,Introvert,0,0,0,0.0017072395
518,11.0,Yes,1.0,1.0,Yes,4.0,3.0,Extrovert,1,1,1,0.009556357
534,4.0,No,9.0,4.0,No,10.0,3.0,Extrovert,1,0,0,0.0022177058
547,2.0,No,10.0,6.0,No,10.0,6.0,Introvert,0,0,0,0.027578713
554,4.0,No,4.0,5.0,No,6.0,10.0,Extrovert,1,0,0,0.002897823
558,3.0,Yes,2.0,1.0,Yes,2.0,1.0,Extrovert,1,1,1,0.010421797
559,2.0,Yes,2.0,0.0,Yes,8.0,0.0,Extrovert,1,1,1,0.017272219
561,1.0,No,9.0,4.0,No,13.0,4.0,Introvert,0,0,0,0.02859254
600,4.0,No,8.0,5.0,No,15.0,4.0,Extrovert,1,0,0,0.002183627
616,2.0,No,3.0,5.0,No,4.0,2.0,Extrovert,1,0,0,0.0025773223
628,4.0,Yes,5.0,4.0,Yes,4.0,0.0,Introvert,0,1,1,0.003965467
651,11.0,Yes,2.0,3.0,Yes,4.0,3.0,Extrovert,1,1,1,0.009871561
655,9.0,Yes,5.0,0.0,Yes,3.0,1.0,Extrovert,1,1,1,0.009336253
707,6.0,Yes,0.0,1.0,Yes,1.0,2.0,Extrovert,1,1,1,0.007980875
714,5.0,Yes,4.0,2.0,Yes,4.0,1.0,Extrovert,1,1,1,0.010672079
727,6.0,Yes,3.0,2.0,Yes,3.0,2.0,Extrovert,1,1,1,0.010087516
737,7.0,Yes,0.0,4.0,Yes,5.0,2.0,Extrovert,1,1,1,0.0093437005
738,5.0,No,5.0,7.0,No,8.0,7.0,Introvert,0,0,0,0.08878307
765,4.0,Yes,5.0,4.0,Yes,5.0,0.0,Introvert,0,1,1,0.004249639
824,6.0,No,7.0,5.0,No,7.0,7.0,Extrovert,1,0,0,0.0048199277
855,5.0,No,7.0,5.0,No,9.0,3.0,Extrovert,1,0,0,0.006429386
863,6.0,No,6.0,6.0,No,11.0,3.0,Extrovert,1,0,0,0.0029539547
868,0.0,Yes,5.0,3.0,Yes,5.0,3.0,Introvert,0,1,1,0.055170517
869,10.0,Yes,2.0,0.0,Yes,8.0,2.0,Extrovert,1,1,1,0.010488001
877,1.0,No,4.0,6.0,No,13.0,4.0,Introvert,0,0,0,0.027987001
880,5.0,No,0.0,2.0,No,3.0,1.0,Extrovert,1,0,0,0.030452237
890,10.0,,3.0,2.0,,4.0,0.0,Introvert,0,0,0,0.006938657
945,10.0,No,3.0,3.0,No,5.0,3.0,Extrovert,1,0,0,0.03721844
946,7.0,Yes,3.0,2.0,,4.0,2.0,Extrovert,1,1,0,0.0153917745
1037,4.0,Yes,2.0,3.0,Yes,1.0,2.0,Extrovert,1,1,1,0.011159039
1041,11.0,Yes,0.0,1.0,Yes,0.0,0.0,Extrovert,1,1,1,0.009493207
1059,3.0,,3.0,3.0,No,5.0,3.0,Extrovert,1,0,0,0.004903552
1060,2.0,Yes,3.0,2.0,Yes,8.0,0.0,Introvert,0,1,1,0.0034555176
1115,4.0,No,4.0,7.0,No,8.0,7.0,Extrovert,1,0,0,0.0026892335
1132,3.0,No,3.0,3.0,No,4.0,6.0,Extrovert,1,0,0,0.001638825
1139,2.0,Yes,3.0,2.0,Yes,5.0,1.0,Introvert,0,1,1,0.0021444524
1174,7.0,,5.0,1.0,Yes,3.0,2.0,Introvert,0,0,1,0.0016277652
1191,4.0,No,4.0,7.0,No,6.0,3.0,Extrovert,1,0,0,0.003134809
1203,9.0,Yes,2.0,2.0,Yes,0.0,1.0,Extrovert,1,1,1,0.011445975
1211,2.0,No,9.0,6.0,No,6.0,3.0,Introvert,0,0,0,0.030433467
1230,0.0,Yes,3.0,2.0,Yes,3.0,1.0,Extrovert,1,1,1,0.040727917
1251,8.0,No,5.0,6.0,No,6.0,7.0,Extrovert,1,0,0,0.017161125
1263,10.0,Yes,3.0,3.0,Yes,4.0,3.0,Extrovert,1,1,1,0.010049178
1336,7.0,,0.0,2.0,,3.0,2.0,Introvert,0,0,0,0.0030198651
1378,4.0,No,9.0,4.0,,12.0,5.0,Introvert,0,0,0,0.076433785
1410,0.0,Yes,7.0,1.0,Yes,5.0,2.0,Extrovert,1,1,1,0.0033913653
1422,9.0,Yes,0.0,1.0,Yes,15.0,1.0,Extrovert,1,1,1,0.0086560445
1430,1.0,No,4.0,5.0,No,10.0,7.0,Introvert,0,0,0,0.039429862
1460,2.0,No,5.0,6.0,No,14.0,10.0,Introvert,0,0,0,0.033460233
1499,0.0,No,6.0,3.0,No,14.0,7.0,Introvert,0,0,0,0.04080848
1508,9.0,No,5.0,4.0,No,4.0,9.0,Introvert,0,0,0,0.014043532
1509,2.0,Yes,2.0,2.0,Yes,5.0,0.0,Extrovert,1,1,1,0.017701704
1511,1.0,No,9.0,7.0,No,8.0,7.0,Introvert,0,0,0,0.01915977
1515,6.0,Yes,0.0,4.0,Yes,2.0,1.0,Extrovert,1,1,1,0.010750324
1523,4.0,No,7.0,5.0,No,12.0,3.0,Extrovert,1,0,0,0.0028434137
1529,9.0,,2.0,1.0,,2.0,2.0,Introvert,0,0,0,0.0021311499
1543,6.0,No,5.0,6.0,No,11.0,5.0,Extrovert,1,0,0,0.0037062156
1555,11.0,Yes,0.0,5.0,Yes,2.0,3.0,Extrovert,1,1,1,0.009070966
1559,2.0,Yes,5.0,1.0,Yes,1.0,0.0,Introvert,0,1,1,0.003754607
1582,7.0,Yes,2.0,0.0,Yes,0.0,2.0,Extrovert,1,1,1,0.009626083
1583,2.0,Yes,5.0,2.0,,3.0,2.0,Introvert,0,1,0,0.024595482
1585,2.0,No,4.0,7.0,No,6.0,4.0,Introvert,0,0,0,0.0337866
1596,0.0,No,9.0,7.0,No,13.0,6.0,Introvert,0,0,0,0.016206259
1615,3.0,,5.0,5.0,No,13.0,5.0,Introvert,0,0,0,0.039083656
1626,7.0,No,7.0,4.0,No,8.0,6.0,Extrovert,1,0,0,0.0031394572
1703,0.0,No,8.0,5.0,No,10.0,6.0,Introvert,0,0,0,0.02922873
1716,0.0,No,6.0,7.0,,13.0,8.0,Introvert,0,0,0,0.021176495
1725,1.0,No,5.0,7.0,No,15.0,6.0,Introvert,0,0,0,0.022944104
1729,4.0,No,4.0,7.0,No,10.0,7.0,Introvert,0,0,0,0.06789587
1737,8.0,Yes,1.0,3.0,Yes,2.0,3.0,Extrovert,1,1,1,0.009812747
1766,1.0,No,3.0,4.0,No,6.0,3.0,Introvert,0,0,0,0.04836563
1774,7.0,No,5.0,7.0,No,13.0,5.0,Introvert,0,0,0,0.019278914
1795,2.0,No,4.0,4.0,No,12.0,0.0,Extrovert,1,0,0,0.0024272911
1810,4.0,No,5.0,5.0,No,14.0,3.0,Extrovert,1,0,0,0.002233727
1834,2.0,No,7.0,5.0,No,7.0,6.0,Introvert,0,0,0,0.03288248
1843,5.0,No,9.0,5.0,No,8.0,5.0,Extrovert,1,0,0,0.0044563976
1845,7.0,Yes,3.0,2.0,Yes,1.0,2.0,Extrovert,1,1,1,0.011228375
1866,2.0,Yes,2.0,2.0,Yes,8.0,2.0,Introvert,0,1,1,0.002230191
1872,3.0,No,3.0,5.0,No,5.0,9.0,Extrovert,1,0,0,0.0020918488
1873,1.0,No,9.0,7.0,No,15.0,10.0,Introvert,0,0,0,0.017839104
1882,2.0,No,7.0,5.0,No,11.0,8.0,Introvert,0,0,0,0.035314508
1886,0.0,No,5.0,7.0,No,13.0,9.0,Introvert,0,0,0,0.02259447
1896,2.0,No,6.0,6.0,No,10.0,10.0,Introvert,0,0,0,0.029160498
1927,9.0,Yes,2.0,0.0,Yes,8.0,1.0,Extrovert,1,1,1,0.010033616
1930,4.0,No,5.0,7.0,No,7.0,6.0,Extrovert,1,0,0,0.001761254
1942,2.0,No,3.0,7.0,No,4.0,6.0,Extrovert,1,0,0,0.0015674683
1944,8.0,No,0.0,1.0,Yes,4.0,2.0,Extrovert,1,0,1,0.014740334
1971,2.0,,1.0,2.0,Yes,3.0,2.0,Extrovert,1,0,1,0.014372626
2001,0.0,No,4.0,5.0,No,12.0,4.0,Introvert,0,0,0,0.0308751
2004,4.0,No,9.0,4.0,No,13.0,6.0,Introvert,0,0,0,0.08313163
2029,8.0,Yes,1.0,2.0,Yes,2.0,5.0,Extrovert,1,1,1,0.009313669
2035,0.0,No,5.0,5.0,No,11.0,10.0,Introvert,0,0,0,0.03483047
2080,3.0,No,3.0,6.0,No,5.0,3.0,Extrovert,1,0,0,0.0031613621
2106,9.0,,3.0,0.0,No,4.0,0.0,Extrovert,1,0,0,0.047451064
2136,1.0,No,10.0,5.0,No,13.0,4.0,Introvert,0,0,0,0.02645562
2176,0.0,No,8.0,5.0,No,5.0,5.0,Introvert,0,0,0,0.02762561
2183,9.0,,3.0,3.0,Yes,2.0,2.0,Extrovert,1,0,1,0.012567535
2185,1.0,Yes,3.0,0.0,Yes,4.0,1.0,Introvert,0,1,1,0.0017016486
2188,3.0,No,4.0,6.0,No,3.0,4.0,Extrovert,1,0,0,0.0020083343
2192,10.0,Yes,2.0,4.0,No,1.0,1.0,Extrovert,1,1,0,0.014087707
2197,2.0,No,9.0,4.0,No,11.0,8.0,Introvert,0,0,0,0.034870204
2203,0.0,No,5.0,6.0,No,12.0,8.0,Introvert,0,0,0,0.0269383
2214,4.0,No,3.0,3.0,No,4.0,2.0,Extrovert,1,0,0,0.034249477
2234,10.0,Yes,1.0,2.0,Yes,2.0,3.0,Extrovert,1,1,1,0.009360084
2243,2.0,Yes,2.0,4.0,Yes,4.0,5.0,Introvert,0,1,1,0.0017285718
2271,3.0,No,3.0,5.0,No,7.0,3.0,Extrovert,1,0,0,0.0016775497
2315,2.0,No,6.0,6.0,No,15.0,5.0,Introvert,0,0,0,0.022791235
2354,3.0,No,4.0,6.0,No,3.0,7.0,Extrovert,1,0,0,0.0019784323
2358,0.0,No,4.0,4.0,No,12.0,6.0,Introvert,0,0,0,0.042491253
2434,5.0,No,8.0,4.0,No,10.0,8.0,Extrovert,1,0,0,0.0018506317
2464,6.0,No,5.0,4.0,No,5.0,5.0,Extrovert,1,0,0,0.0077869645
2473,11.0,Yes,3.0,4.0,Yes,4.0,2.0,Extrovert,1,1,1,0.010298821
2478,1.0,No,4.0,5.0,No,1.0,9.0,Extrovert,1,0,0,0.0020794782
2526,1.0,No,5.0,5.0,No,10.0,7.0,Introvert,0,0,0,0.04019887
2543,5.0,No,9.0,7.0,No,7.0,3.0,Extrovert,1,0,0,0.005411503
2546,4.0,No,3.0,5.0,No,1.0,5.0,Introvert,0,0,0,0.06773452
2553,9.0,No,2.0,3.0,Yes,3.0,1.0,Extrovert,1,0,1,0.013413135
2613,9.0,Yes,2.0,2.0,Yes,2.0,3.0,Extrovert,1,1,1,0.009683141
2651,2.0,Yes,3.0,3.0,,4.0,2.0,Introvert,0,1,0,0.01063735
2653,2.0,No,9.0,6.0,No,9.0,8.0,Introvert,0,0,0,0.02296229
2675,6.0,Yes,9.0,1.0,Yes,1.0,2.0,Extrovert,1,1,1,0.018102432
2694,2.0,No,4.0,7.0,No,4.0,6.0,Introvert,0,0,0,0.031415995
2712,4.0,Yes,4.0,2.0,Yes,5.0,2.0,Extrovert,1,1,1,0.010331757
2751,10.0,Yes,1.0,0.0,Yes,2.0,0.0,Extrovert,1,1,1,0.008810272
2773,4.0,Yes,0.0,2.0,Yes,4.0,5.0,Extrovert,1,1,1,0.008918411
2835,5.0,,3.0,1.0,Yes,1.0,1.0,Extrovert,1,0,1,0.01388678
2884,2.0,Yes,2.0,2.0,Yes,5.0,0.0,Introvert,0,1,1,0.0015808378
2894,6.0,No,10.0,4.0,No,11.0,3.0,Introvert,0,0,0,0.023433093
2906,7.0,Yes,0.0,0.0,,3.0,0.0,Extrovert,1,1,0,0.016800966
3021,10.0,Yes,1.0,1.0,Yes,4.0,5.0,Extrovert,1,1,1,0.010419791
3033,0.0,Yes,3.0,0.0,Yes,3.0,0.0,Introvert,0,1,1,0.0034376301
3059,5.0,,5.0,1.0,Yes,3.0,2.0,Introvert,0,0,1,0.0021982747
3086,0.0,No,3.0,5.0,No,14.0,3.0,Introvert,0,0,0,0.029249249
3111,2.0,Yes,2.0,4.0,Yes,4.0,2.0,Introvert,0,1,1,0.0020919014
3130,2.0,No,9.0,5.0,No,12.0,8.0,Introvert,0,0,0,0.035780437
3153,5.0,Yes,3.0,2.0,,0.0,0.0,Extrovert,1,1,0,0.014766345
3181,8.0,Yes,9.0,2.0,Yes,2.0,0.0,Introvert,0,1,1,0.0033196337
3191,5.0,Yes,0.0,0.0,Yes,1.0,3.0,Extrovert,1,1,1,0.008862747
3207,2.0,No,3.0,7.0,No,0.0,5.0,Extrovert,1,0,0,0.004272477
3286,2.0,No,3.0,2.0,Yes,5.0,1.0,Extrovert,1,0,1,0.017406926
3310,3.0,No,3.0,4.0,No,4.0,2.0,Extrovert,1,0,0,0.026038254
3321,7.0,Yes,0.0,0.0,,8.0,0.0,Extrovert,1,1,0,0.016359199
3398,1.0,No,5.0,7.0,No,6.0,7.0,Introvert,0,0,0,0.027662475
3410,4.0,Yes,5.0,4.0,Yes,5.0,1.0,Extrovert,1,1,1,0.034860037
3470,8.0,Yes,1.0,3.0,Yes,5.0,1.0,Extrovert,1,1,1,0.010037251
3480,11.0,No,10.0,4.0,No,6.0,5.0,Extrovert,1,0,0,0.0042542145
3504,3.0,No,1.0,6.0,No,4.0,5.0,Extrovert,1,0,0,0.019937241
3546,6.0,,0.0,4.0,No,4.0,2.0,Extrovert,1,0,0,0.025125485
3558,2.0,No,7.0,7.0,No,14.0,10.0,Introvert,0,0,0,0.020705685
3564,4.0,No,4.0,5.0,No,1.0,6.0,Extrovert,1,0,0,0.014387778
3565,7.0,Yes,1.0,0.0,Yes,1.0,5.0,Extrovert,1,1,1,0.009134799
3585,9.0,No,8.0,4.0,No,7.0,5.0,Extrovert,1,0,0,0.0028659394
3621,2.0,No,8.0,7.0,No,11.0,5.0,Introvert,0,0,0,0.025633747
3642,7.0,Yes,0.0,0.0,Yes,4.0,1.0,Extrovert,1,1,1,0.008459381
3657,2.0,No,7.0,6.0,No,15.0,10.0,Introvert,0,0,0,0.027446058
3670,5.0,Yes,3.0,0.0,Yes,8.0,3.0,Extrovert,1,1,1,0.00952508
3680,1.0,No,3.0,7.0,No,7.0,3.0,Introvert,0,0,0,0.033711474
3682,3.0,No,5.0,4.0,No,10.0,7.0,Introvert,0,0,0,0.039873473
3693,4.0,Yes,2.0,0.0,Yes,5.0,3.0,Extrovert,1,1,1,0.009431109
3697,1.0,No,9.0,7.0,No,11.0,7.0,Introvert,0,0,0,0.020552117
3700,9.0,No,3.0,2.0,No,4.0,2.0,Extrovert,1,0,0,0.043878924
3710,2.0,No,8.0,7.0,No,6.0,5.0,Introvert,0,0,0,0.02830401
3717,4.0,No,5.0,7.0,No,9.0,9.0,Extrovert,1,0,0,0.0016596554
3743,11.0,Yes,1.0,3.0,Yes,4.0,3.0,Extrovert,1,1,1,0.00866125
3760,2.0,,3.0,5.0,No,3.0,2.0,Extrovert,1,0,0,0.0043266118
3786,4.0,No,7.0,6.0,No,5.0,3.0,Extrovert,1,0,0,0.0022570866
3810,7.0,Yes,1.0,1.0,Yes,8.0,2.0,Extrovert,1,1,1,0.009259323
3827,2.0,No,8.0,5.0,No,9.0,5.0,Introvert,0,0,0,0.034406405
3828,2.0,Yes,1.0,3.0,Yes,5.0,3.0,Introvert,0,1,1,0.0015656437
3833,0.0,No,8.0,3.0,No,9.0,8.0,Introvert,0,0,0,0.037853327
3840,2.0,No,4.0,7.0,No,15.0,4.0,Introvert,0,0,0,0.024527486
3855,8.0,Yes,3.0,4.0,Yes,2.0,1.0,Extrovert,1,1,1,0.012099363
3859,2.0,No,6.0,6.0,No,6.0,5.0,Introvert,0,0,0,0.039373137
3863,1.0,No,6.0,4.0,No,3.0,7.0,Introvert,0,0,0,0.03817096
3896,2.0,No,4.0,6.0,No,9.0,3.0,Introvert,0,0,0,0.031714432
4007,4.0,No,4.0,6.0,No,12.0,3.0,Extrovert,1,0,0,0.0015760261
4082,1.0,No,9.0,7.0,No,12.0,4.0,Introvert,0,0,0,0.027101813
4117,8.0,Yes,1.0,1.0,Yes,0.0,2.0,Extrovert,1,1,1,0.009327369
4127,6.0,,4.0,6.0,No,7.0,9.0,Extrovert,1,0,0,0.013641741
4146,5.0,No,9.0,4.0,No,8.0,8.0,Extrovert,1,0,0,0.001725566
4223,2.0,No,4.0,6.0,No,8.0,5.0,Introvert,0,0,0,0.035050187
4226,2.0,No,7.0,6.0,No,9.0,5.0,Introvert,0,0,0,0.03431611
4242,3.0,No,3.0,6.0,No,4.0,6.0,Extrovert,1,0,0,0.002629618
4252,9.0,Yes,2.0,0.0,Yes,3.0,1.0,Extrovert,1,1,1,0.009350249
4258,2.0,No,6.0,5.0,No,13.0,8.0,Introvert,0,0,0,0.0355423
4310,9.0,,5.0,2.0,Yes,5.0,0.0,Introvert,0,0,1,0.0017219654
4340,2.0,No,6.0,3.0,No,15.0,5.0,Introvert,0,0,0,0.04068635
4411,2.0,No,5.0,6.0,No,11.0,5.0,Introvert,0,0,0,0.03497085
4412,5.0,No,8.0,5.0,No,11.0,10.0,Extrovert,1,0,0,0.0019785408
4427,11.0,Yes,2.0,0.0,Yes,4.0,0.0,Extrovert,1,1,1,0.01153823
4452,3.0,No,8.0,7.0,No,5.0,6.0,Introvert,0,0,0,0.028299343
4460,0.0,No,5.0,7.0,No,14.0,5.0,Introvert,0,0,0,0.022275018
4463,1.0,No,8.0,5.0,No,7.0,7.0,Introvert,0,0,0,0.03111922
4487,2.0,No,3.0,6.0,No,4.0,5.0,Extrovert,1,0,0,0.0017777255
4490,2.0,No,6.0,5.0,No,8.0,4.0,Introvert,0,0,0,0.03708164
4516,8.0,Yes,1.0,3.0,Yes,4.0,0.0,Extrovert,1,1,1,0.010947937
4519,3.0,No,9.0,3.0,,9.0,3.0,Introvert,0,0,0,0.060758036
4548,0.0,No,7.0,3.0,No,10.0,9.0,Introvert,0,0,0,0.035214067
4565,6.0,Yes,2.0,2.0,Yes,4.0,3.0,Extrovert,1,1,1,0.009750603
4598,0.0,No,10.0,6.0,No,13.0,4.0,Introvert,0,0,0,0.023209507
4608,2.0,,7.0,6.0,No,7.0,4.0,Introvert,0,0,0,0.029845593
4623,2.0,No,7.0,7.0,No,6.0,5.0,Introvert,0,0,0,0.02912165
4634,4.0,No,7.0,5.0,No,8.0,3.0,Extrovert,1,0,0,0.0018361142
4637,2.0,No,10.0,4.0,No,6.0,7.0,Introvert,0,0,0,0.036116496
4673,2.0,Yes,3.0,4.0,Yes,4.0,0.0,Extrovert,1,1,1,0.023759723
4677,1.0,No,8.0,3.0,No,4.0,6.0,Introvert,0,0,0,0.03881834
4726,4.0,Yes,5.0,0.0,Yes,8.0,1.0,Introvert,0,1,1,0.0016892815
4796,1.0,,6.0,6.0,No,15.0,3.0,Introvert,0,0,0,0.026257485
4825,4.0,Yes,5.0,3.0,Yes,2.0,1.0,Introvert,0,1,1,0.0019769256
4830,1.0,No,3.0,6.0,No,1.0,4.0,Introvert,0,0,0,0.04347394
4894,3.0,No,5.0,7.0,No,12.0,6.0,Introvert,0,0,0,0.028508099
4896,4.0,No,3.0,6.0,No,10.0,7.0,Extrovert,1,0,0,0.0017299941
4898,1.0,No,9.0,4.0,No,5.0,4.0,Introvert,0,0,0,0.035036173
4906,7.0,No,5.0,3.0,No,15.0,3.0,Extrovert,1,0,0,0.0037240484
4913,2.0,Yes,2.0,1.0,Yes,5.0,2.0,Extrovert,1,1,1,0.014489977
4943,1.0,No,9.0,5.0,No,4.0,6.0,Introvert,0,0,0,0.027308315
4963,3.0,No,3.0,5.0,No,5.0,8.0,Introvert,0,0,0,0.061708853
4969,5.0,Yes,5.0,2.0,Yes,8.0,0.0,Introvert,0,1,1,0.0016122421
4998,10.0,Yes,9.0,4.0,Yes,3.0,9.0,Introvert,0,1,1,0.0018134912
5025,7.0,Yes,4.0,2.0,Yes,2.0,1.0,Extrovert,1,1,1,0.010912014
5041,9.0,Yes,1.0,2.0,Yes,3.0,1.0,Extrovert,1,1,1,0.0104483515
5044,4.0,No,5.0,7.0,No,9.0,8.0,Extrovert,1,0,0,0.0016002273
5045,9.0,Yes,3.0,3.0,Yes,3.0,5.0,Extrovert,1,1,1,0.010305306
5048,3.0,No,4.0,5.0,No,8.0,3.0,Introvert,0,0,0,0.053572085
5055,5.0,,5.0,4.0,Yes,1.0,0.0,Introvert,0,0,1,0.0032277494
5064,1.0,,5.0,6.0,No,15.0,8.0,Introvert,0,0,0,0.027992075
5066,11.0,No,8.0,4.0,No,4.0,5.0,Extrovert,1,0,0,0.008530269
5081,11.0,Yes,3.0,1.0,Yes,8.0,0.0,Extrovert,1,1,1,0.010506113
5120,8.0,No,7.0,4.0,,14.0,6.0,Extrovert,1,0,0,0.0026503578
5141,3.0,No,3.0,6.0,No,5.0,6.0,Extrovert,1,0,0,0.0020262995
5157,6.0,,1.0,2.0,Yes,3.0,2.0,Extrovert,1,0,1,0.013006546
5162,6.0,No,8.0,6.0,No,14.0,3.0,Extrovert,1,0,0,0.003368789
5193,7.0,Yes,9.0,2.0,Yes,5.0,5.0,Extrovert,1,1,1,0.016150983
5205,7.0,Yes,2.0,3.0,Yes,4.0,3.0,Extrovert,1,1,1,0.01027375
5218,6.0,No,7.0,6.0,No,14.0,3.0,Extrovert,1,0,0,0.0035366963
5261,2.0,Yes,2.0,1.0,,5.0,2.0,Introvert,0,1,0,0.0018010391
5272,2.0,No,5.0,6.0,,11.0,6.0,Introvert,0,0,0,0.033017006
5330,4.0,No,6.0,6.0,No,9.0,3.0,Extrovert,1,0,0,0.001768681
5337,3.0,No,9.0,7.0,No,7.0,7.0,Introvert,0,0,0,0.02572519
5339,5.0,No,9.0,5.0,No,11.0,5.0,Extrovert,1,0,0,0.0058367313
5359,4.0,No,4.0,1.0,No,1.0,7.0,Extrovert,1,0,0,0.014589594
5362,3.0,No,7.0,7.0,No,15.0,8.0,Introvert,0,0,0,0.02300258
5383,7.0,Yes,2.0,0.0,Yes,3.0,0.0,Extrovert,1,1,1,0.00923712
5400,7.0,,5.0,2.0,Yes,3.0,2.0,Introvert,0,0,1,0.0020860573
5416,3.0,No,3.0,6.0,No,5.0,5.0,Extrovert,1,0,0,0.0020216184
5419,4.0,No,3.0,5.0,No,6.0,6.0,Extrovert,1,0,0,0.0032041576
5435,0.0,Yes,3.0,1.0,Yes,2.0,5.0,Introvert,0,1,1,0.004590861
5493,0.0,No,5.0,3.0,No,4.0,5.0,Introvert,0,0,0,0.04054493
5506,8.0,Yes,3.0,2.0,Yes,4.0,5.0,Extrovert,1,1,1,0.009558177
5512,3.0,No,8.0,3.0,No,9.0,6.0,Introvert,0,0,0,0.040370636
5521,4.0,No,6.0,4.0,No,10.0,3.0,Extrovert,1,0,0,0.0023580194
5532,5.0,No,7.0,3.0,No,12.0,6.0,Extrovert,1,0,0,0.0021906218
5534,11.0,No,8.0,4.0,No,10.0,5.0,Extrovert,1,0,0,0.0032323694
5558,6.0,No,2.0,7.0,No,1.0,5.0,Extrovert,1,0,0,0.022702482
5571,3.0,No,3.0,7.0,No,5.0,5.0,Extrovert,1,0,0,0.0023784796
5573,6.0,Yes,1.0,0.0,Yes,1.0,5.0,Extrovert,1,1,1,0.009488555
5577,2.0,Yes,2.0,2.0,Yes,8.0,0.0,Introvert,0,1,1,0.0020428603
5586,3.0,No,3.0,4.0,No,4.0,5.0,Extrovert,1,0,0,0.0018658921
5601,0.0,No,8.0,3.0,No,13.0,3.0,Introvert,0,0,0,0.034817304
5646,4.0,No,3.0,3.0,No,5.0,5.0,Extrovert,1,0,0,0.0031690681
5657,0.0,No,9.0,4.0,No,10.0,8.0,Introvert,0,0,0,0.03364183
5673,4.0,,2.0,2.0,,1.0,0.0,Introvert,0,0,0,0.004790759
5689,4.0,Yes,3.0,4.0,Yes,3.0,2.0,Extrovert,1,1,1,0.011788024
5718,8.0,No,7.0,7.0,No,4.0,9.0,Introvert,0,0,0,0.022412196
5766,5.0,Yes,0.0,4.0,Yes,8.0,2.0,Extrovert,1,1,1,0.00982763
5774,6.0,No,7.0,4.0,No,14.0,9.0,Extrovert,1,0,0,0.0025829792
5835,2.0,Yes,5.0,2.0,Yes,1.0,0.0,Introvert,0,1,1,0.0047225202
5849,11.0,No,6.0,5.0,No,8.0,9.0,Introvert,0,0,0,0.028010936
5851,1.0,Yes,3.0,2.0,Yes,4.0,2.0,Extrovert,1,1,1,0.022060055
5859,3.0,No,4.0,7.0,No,4.0,9.0,Extrovert,1,0,0,0.001771704
5862,0.0,No,7.0,7.0,No,5.0,5.0,Introvert,0,0,0,0.027169745
5871,1.0,No,5.0,7.0,No,13.0,10.0,Introvert,0,0,0,0.02066813
5879,6.0,No,6.0,4.0,No,9.0,5.0,Extrovert,1,0,0,0.0047981674
5891,2.0,No,3.0,5.0,No,3.0,9.0,Introvert,0,0,0,0.05107673
5894,7.0,Yes,2.0,0.0,Yes,2.0,5.0,Extrovert,1,1,1,0.009866861
5906,2.0,No,7.0,4.0,No,7.0,4.0,Introvert,0,0,0,0.037299655
5908,6.0,No,10.0,6.0,No,9.0,3.0,Introvert,0,0,0,0.022482436
5940,6.0,Yes,0.0,4.0,Yes,1.0,2.0,Extrovert,1,1,1,0.0109288655
5941,2.0,No,7.0,4.0,No,8.0,9.0,Introvert,0,0,0,0.032028567
5962,1.0,No,8.0,7.0,No,11.0,7.0,Introvert,0,0,0,0.02193385
5992,8.0,Yes,0.0,1.0,Yes,3.0,3.0,Extrovert,1,1,1,0.008741897
6007,7.0,,3.0,0.0,,2.0,0.0,Introvert,0,0,0,0.003348691
6031,7.0,Yes,2.0,0.0,Yes,3.0,5.0,Extrovert,1,1,1,0.009411156
6066,2.0,Yes,3.0,3.0,,5.0,0.0,Extrovert,1,1,0,0.044002045
6137,3.0,No,4.0,5.0,No,14.0,5.0,Introvert,0,0,0,0.04214682
6159,3.0,No,4.0,3.0,No,15.0,3.0,Extrovert,1,0,0,0.0018360482
6162,1.0,No,7.0,7.0,No,12.0,5.0,Introvert,0,0,0,0.022327919
6171,2.0,No,9.0,3.0,No,12.0,3.0,Introvert,0,0,0,0.034394786
6187,4.0,No,4.0,7.0,No,11.0,10.0,Extrovert,1,0,0,0.0026600135
6218,9.0,No,6.0,3.0,No,12.0,4.0,Extrovert,1,0,0,0.0028381296
6266,3.0,No,3.0,3.0,No,4.0,5.0,Extrovert,1,0,0,0.0016711232
6283,9.0,,4.0,4.0,No,7.0,6.0,Introvert,0,0,0,0.038977295
6306,3.0,No,6.0,5.0,No,15.0,5.0,Introvert,0,0,0,0.031828653
6341,3.0,No,6.0,4.0,,12.0,1.0,Extrovert,1,0,0,0.00199907
6389,5.0,No,5.0,6.0,No,7.0,5.0,Extrovert,1,0,0,0.0055003357
6477,8.0,Yes,3.0,0.0,Yes,1.0,1.0,Extrovert,1,1,1,0.010117303
6491,6.0,No,5.0,2.0,Yes,5.0,2.0,Extrovert,1,0,1,0.02456245
6549,5.0,No,7.0,7.0,No,8.0,4.0,Introvert,0,0,0,0.07946023
6576,6.0,Yes,6.0,2.0,Yes,3.0,1.0,Introvert,0,1,1,0.001978909
6593,0.0,No,7.0,3.0,No,8.0,7.0,Introvert,0,0,0,0.03888461
6605,10.0,Yes,1.0,2.0,,2.0,0.0,Extrovert,1,1,0,0.015372044
6667,0.0,No,6.0,7.0,No,5.0,7.0,Introvert,0,0,0,0.023514014
6670,2.0,No,5.0,7.0,No,9.0,9.0,Introvert,0,0,0,0.030574184
6698,1.0,No,8.0,7.0,No,6.0,7.0,Introvert,0,0,0,0.02705898
6741,2.0,No,3.0,5.0,No,5.0,9.0,Introvert,0,0,0,0.05322678
6759,9.0,Yes,0.0,2.0,,5.0,1.0,Extrovert,1,1,0,0.013996091
6762,2.0,Yes,5.0,0.0,Yes,4.0,2.0,Introvert,0,1,1,0.0037038298
6781,4.0,Yes,3.0,5.0,,2.0,5.0,Introvert,0,1,0,0.0025332712
6797,2.0,Yes,5.0,3.0,Yes,0.0,0.0,Introvert,0,1,1,0.005497611
6843,1.0,,0.0,2.0,,2.0,0.0,Introvert,0,0,0,0.011405782
6912,8.0,Yes,3.0,3.0,Yes,5.0,0.0,Extrovert,1,1,1,0.011462009
6924,8.0,,3.0,0.0,,3.0,2.0,Introvert,0,0,0,0.007589082
6947,5.0,No,9.0,6.0,No,14.0,6.0,Extrovert,1,0,0,0.004576503
6997,2.0,Yes,3.0,1.0,Yes,5.0,2.0,Introvert,0,1,1,0.001630492
7046,2.0,Yes,3.0,2.0,Yes,3.0,2.0,Introvert,0,1,1,0.0017730483
7067,1.0,No,6.0,5.0,No,15.0,9.0,Introvert,0,0,0,0.032548577
7075,10.0,Yes,1.0,2.0,Yes,0.0,1.0,Extrovert,1,1,1,0.010029907
7078,10.0,No,9.0,3.0,No,3.0,6.0,Extrovert,1,0,0,0.006444119
7079,2.0,Yes,3.0,2.0,Yes,14.0,0.0,Introvert,0,1,1,0.0052887816
7095,3.0,,3.0,6.0,No,8.0,8.0,Introvert,0,0,0,0.055718634
7128,8.0,No,6.0,5.0,No,6.0,3.0,Extrovert,1,0,0,0.0048834505
7133,4.0,No,8.0,6.0,No,12.0,3.0,Extrovert,1,0,0,0.0023370387
7141,2.0,No,9.0,5.0,No,11.0,9.0,Introvert,0,0,0,0.029133996
7152,1.0,,7.0,5.0,No,12.0,9.0,Introvert,0,0,0,0.030170139
7160,6.0,Yes,0.0,2.0,,4.0,2.0,Extrovert,1,1,0,0.013605506
7183,1.0,No,6.0,7.0,No,9.0,4.0,Introvert,0,0,0,0.0275236
7193,3.0,No,3.0,6.0,No,4.0,4.0,Extrovert,1,0,0,0.0040879035
7210,6.0,Yes,0.0,1.0,Yes,0.0,2.0,Extrovert,1,1,1,0.008151357
7228,0.0,No,10.0,5.0,No,12.0,6.0,Introvert,0,0,0,0.026893964
7237,8.0,No,9.0,7.0,No,10.0,9.0,Introvert,0,0,0,0.01731612
7239,0.0,No,3.0,5.0,No,6.0,9.0,Introvert,0,0,0,0.04372657
7264,8.0,,1.0,2.0,,3.0,2.0,Introvert,0,0,0,0.0035024865
7285,4.0,No,4.0,7.0,No,8.0,7.0,Extrovert,1,0,0,0.0026892335
7304,2.0,No,3.0,7.0,No,4.0,7.0,Extrovert,1,0,0,0.0015628844
7339,7.0,Yes,0.0,2.0,,2.0,2.0,Extrovert,1,1,0,0.013534978
7348,2.0,No,5.0,3.0,No,11.0,3.0,Introvert,0,0,0,0.048166983
7373,2.0,No,8.0,5.0,No,11.0,5.0,Introvert,0,0,0,0.034566727
7384,10.0,Yes,4.0,0.0,Yes,2.0,2.0,Extrovert,1,1,1,0.0110611
7410,2.0,No,7.0,4.0,,14.0,4.0,Introvert,0,0,0,0.032916892
7423,6.0,Yes,1.0,2.0,Yes,2.0,2.0,Extrovert,1,1,1,0.010498523
7442,4.0,No,2.0,4.0,No,6.0,7.0,Extrovert,1,0,0,0.005673038
7455,3.0,No,5.0,6.0,No,12.0,5.0,Introvert,0,0,0,0.03524404
7477,4.0,,2.0,7.0,No,5.0,9.0,Introvert,0,0,0,0.058740485
7536,1.0,No,8.0,7.0,No,8.0,5.0,Introvert,0,0,0,0.026371142
7539,5.0,Yes,5.0,4.0,Yes,4.0,0.0,Introvert,0,1,1,0.0021661704
7554,2.0,No,0.0,4.0,No,5.0,6.0,Introvert,0,0,0,0.08465969
7566,5.0,Yes,1.0,3.0,Yes,4.0,0.0,Extrovert,1,1,1,0.010821709
7571,3.0,No,7.0,5.0,No,15.0,3.0,Introvert,0,0,0,0.028185098
7576,2.0,No,6.0,4.0,No,7.0,5.0,Introvert,0,0,0,0.04088338
7600,10.0,No,3.0,4.0,No,8.0,1.0,Extrovert,1,0,0,0.025925558
7606,10.0,No,7.0,5.0,No,6.0,4.0,Extrovert,1,0,0,0.0060919933
7616,4.0,No,3.0,4.0,No,5.0,1.0,Introvert,0,0,0,0.034753915
7696,10.0,Yes,1.0,1.0,Yes,5.0,1.0,Extrovert,1,1,1,0.008496866
7706,1.0,No,7.0,5.0,No,13.0,7.0,Introvert,0,0,0,0.03685254
7711,3.0,No,8.0,6.0,No,7.0,4.0,Introvert,0,0,0,0.03012607
7726,7.0,Yes,5.0,1.0,Yes,5.0,1.0,Extrovert,1,1,1,0.013040551
7727,2.0,No,8.0,5.0,No,14.0,5.0,Introvert,0,0,0,0.028933642
7731,5.0,No,8.0,6.0,No,14.0,6.0,Extrovert,1,0,0,0.0045929165
7743,8.0,Yes,9.0,0.0,Yes,5.0,2.0,Introvert,0,1,1,0.003040079
7759,9.0,Yes,1.0,0.0,Yes,4.0,0.0,Extrovert,1,1,1,0.007890237
7760,4.0,No,7.0,4.0,No,8.0,3.0,Extrovert,1,0,0,0.0020140659
7783,6.0,Yes,5.0,2.0,Yes,2.0,2.0,Extrovert,1,1,1,0.00990165
7801,4.0,Yes,0.0,2.0,Yes,8.0,0.0,Extrovert,1,1,1,0.009209435
7813,3.0,No,5.0,5.0,No,11.0,4.0,Introvert,0,0,0,0.039431427
7829,11.0,Yes,2.0,4.0,Yes,0.0,1.0,Extrovert,1,1,1,0.011193741
7837,5.0,Yes,0.0,0.0,Yes,5.0,6.0,Extrovert,1,1,1,0.009312703
7859,5.0,Yes,0.0,2.0,Yes,0.0,3.0,Extrovert,1,1,1,0.008565228
7862,0.0,No,4.0,7.0,No,8.0,8.0,Introvert,0,0,0,0.023174768
7881,2.0,No,9.0,5.0,No,6.0,10.0,Introvert,0,0,0,0.02977719
7902,3.0,No,5.0,3.0,No,8.0,9.0,Introvert,0,0,0,0.043120652
7913,1.0,No,7.0,7.0,No,11.0,9.0,Introvert,0,0,0,0.024133837
7918,3.0,No,3.0,4.0,No,14.0,4.0,Introvert,0,0,0,0.062083103
7928,2.0,No,2.0,2.0,No,2.0,0.0,Extrovert,1,0,0,0.048706274
7931,0.0,No,5.0,7.0,No,5.0,9.0,Introvert,0,0,0,0.023942875
8002,0.0,No,7.0,5.0,No,13.0,8.0,Introvert,0,0,0,0.030839989
8011,2.0,Yes,3.0,4.0,Yes,3.0,2.0,Introvert,0,1,1,0.0027688714
8046,3.0,No,3.0,6.0,No,5.0,10.0,Extrovert,1,0,0,0.003070623
8056,5.0,Yes,2.0,3.0,Yes,5.0,1.0,Extrovert,1,1,1,0.011251915
8084,3.0,No,3.0,5.0,No,5.0,4.0,Extrovert,1,0,0,0.0022835843
8092,1.0,No,8.0,7.0,No,13.0,8.0,Introvert,0,0,0,0.021638371
8099,4.0,No,4.0,7.0,No,7.0,3.0,Extrovert,1,0,0,0.0022036145
8113,2.0,No,9.0,5.0,No,14.0,4.0,Introvert,0,0,0,0.02776125
8117,1.0,No,9.0,4.0,,10.0,8.0,Introvert,0,0,0,0.036480922
8145,0.0,No,8.0,4.0,No,5.0,7.0,Introvert,0,0,0,0.034447055
8173,4.0,No,6.0,3.0,No,11.0,4.0,Extrovert,1,0,0,0.0016951222
8174,5.0,No,9.0,6.0,No,15.0,9.0,Extrovert,1,0,0,0.0022026445
8188,4.0,No,4.0,7.0,No,12.0,10.0,Extrovert,1,0,0,0.0020569186
8191,3.0,No,3.0,5.0,No,14.0,3.0,Extrovert,1,0,0,0.001640867
8196,2.0,Yes,0.0,3.0,Yes,4.0,0.0,Extrovert,1,1,1,0.016242515
8204,9.0,Yes,3.0,2.0,Yes,7.0,4.0,Extrovert,1,1,1,0.010005437
8227,2.0,Yes,2.0,2.0,Yes,4.0,0.0,Extrovert,1,1,1,0.015731433
8233,0.0,No,4.0,4.0,No,15.0,7.0,Introvert,0,0,0,0.038182452
8246,8.0,No,5.0,5.0,No,11.0,3.0,Extrovert,1,0,0,0.003263822
8264,2.0,Yes,3.0,3.0,Yes,8.0,1.0,Introvert,0,1,1,0.004445735
8276,2.0,No,6.0,5.0,No,12.0,6.0,Introvert,0,0,0,0.037847325
8284,7.0,Yes,3.0,3.0,Yes,2.0,3.0,Extrovert,1,1,1,0.01066454
8291,10.0,Yes,0.0,2.0,Yes,3.0,5.0,Extrovert,1,1,1,0.009258577
8312,4.0,No,6.0,6.0,No,13.0,3.0,Extrovert,1,0,0,0.001690125
8318,1.0,,5.0,4.0,No,11.0,3.0,Introvert,0,0,0,0.04200589
8350,0.0,No,6.0,6.0,No,7.0,6.0,Introvert,0,0,0,0.025940184
8377,3.0,No,5.0,3.0,No,9.0,8.0,Introvert,0,0,0,0.04028385
8386,2.0,Yes,2.0,3.0,Yes,5.0,2.0,Extrovert,1,1,1,0.017325012
8388,4.0,Yes,5.0,2.0,Yes,4.0,0.0,Introvert,0,1,1,0.0017662237
8394,2.0,No,5.0,3.0,No,15.0,6.0,Introvert,0,0,0,0.04326791
8440,9.0,Yes,2.0,2.0,Yes,4.0,0.0,Extrovert,1,1,1,0.010499509
8452,2.0,No,8.0,6.0,No,11.0,3.0,Introvert,0,0,0,0.029815052
8501,1.0,No,6.0,4.0,No,10.0,9.0,Introvert,0,0,0,0.034489237
8509,6.0,No,5.0,5.0,No,14.0,10.0,Extrovert,1,0,0,0.0037860952
8551,3.0,,4.0,3.0,No,14.0,3.0,Extrovert,1,0,0,0.0016590132
8569,3.0,No,4.0,2.0,No,9.0,3.0,Extrovert,1,0,0,0.0016373481
8577,3.0,No,3.0,7.0,No,6.0,7.0,Extrovert,1,0,0,0.0018472393
8578,1.0,No,8.0,6.0,No,8.0,10.0,Introvert,0,0,0,0.029767457
8608,5.0,No,7.0,3.0,No,10.0,5.0,Introvert,0,0,0,0.06448625
8659,2.0,No,7.0,6.0,No,11.0,4.0,Introvert,0,0,0,0.028880328
8688,8.0,Yes,2.0,0.0,Yes,3.0,3.0,Extrovert,1,1,1,0.010366447
8718,1.0,No,0.0,7.0,No,4.0,7.0,Extrovert,1,0,0,0.0042060544
8731,3.0,No,3.0,3.0,No,5.0,4.0,Extrovert,1,0,0,0.0016994945
8760,10.0,Yes,2.0,0.0,Yes,3.0,5.0,Extrovert,1,1,1,0.01114235
8774,2.0,Yes,5.0,1.0,Yes,1.0,2.0,Introvert,0,1,1,0.0034771457
8803,4.0,Yes,2.0,0.0,,2.0,1.0,Extrovert,1,1,0,0.015397655
8842,0.0,No,6.0,3.0,No,5.0,3.0,Introvert,0,0,0,0.040947415
8847,3.0,No,8.0,4.0,No,8.0,8.0,Introvert,0,0,0,0.03737232
8855,7.0,No,6.0,5.0,No,14.0,6.0,Extrovert,1,0,0,0.002806037
8859,4.0,No,9.0,7.0,No,9.0,6.0,Introvert,0,0,0,0.027628299
8896,4.0,No,4.0,7.0,No,13.0,9.0,Extrovert,1,0,0,0.001580759
8921,3.0,No,3.0,6.0,No,4.0,5.0,Extrovert,1,0,0,0.0035288646
8923,0.0,,9.0,6.0,No,11.0,5.0,Introvert,0,0,0,0.027034728
8938,8.0,Yes,7.0,1.0,Yes,3.0,5.0,Introvert,0,1,1,0.0019208721
9012,1.0,No,4.0,6.0,No,4.0,4.0,Introvert,0,0,0,0.034118786
9018,10.0,Yes,0.0,1.0,,3.0,0.0,Extrovert,1,1,0,0.015896993
9023,6.0,No,8.0,5.0,No,11.0,10.0,Extrovert,1,0,0,0.0057533383
9025,0.0,No,3.0,5.0,No,14.0,9.0,Introvert,0,0,0,0.0372828
9040,4.0,Yes,1.0,3.0,Yes,5.0,0.0,Extrovert,1,1,1,0.0101056155
9081,7.0,Yes,8.0,3.0,Yes,1.0,0.0,Extrovert,1,1,1,0.021786164
9099,6.0,No,0.0,4.0,No,2.0,9.0,Introvert,0,0,0,0.0067336564
9109,4.0,No,3.0,7.0,No,14.0,9.0,Extrovert,1,0,0,0.0018945037
9130,2.0,No,3.0,5.0,No,5.0,1.0,Extrovert,1,0,0,0.004023566
9157,7.0,Yes,3.0,4.0,Yes,1.0,0.0,Extrovert,1,1,1,0.0119483555
9178,3.0,No,6.0,5.0,No,9.0,6.0,Introvert,0,0,0,0.03702474
9218,3.0,Yes,0.0,0.0,Yes,4.0,2.0,Extrovert,1,1,1,0.01153377
9248,5.0,No,4.0,7.0,No,9.0,7.0,Extrovert,1,0,0,0.0055451486
9278,3.0,Yes,2.0,2.0,Yes,2.0,2.0,Extrovert,1,1,1,0.010836982
9306,4.0,No,5.0,7.0,No,10.0,10.0,Introvert,0,0,0,0.07364236
9311,11.0,,0.0,0.0,Yes,4.0,1.0,Extrovert,1,0,1,0.01569539
9317,10.0,Yes,3.0,1.0,,4.0,1.0,Extrovert,1,1,0,0.015589944
9354,4.0,No,7.0,4.0,No,9.0,3.0,Extrovert,1,0,0,0.002460664
9363,0.0,,8.0,5.0,No,5.0,5.0,Introvert,0,0,0,0.02762561
9410,1.0,No,8.0,5.0,No,15.0,4.0,Introvert,0,0,0,0.027045196
9425,0.0,Yes,2.0,2.0,Yes,3.0,2.0,Extrovert,1,1,1,0.021777665
9445,4.0,No,4.0,4.0,No,15.0,4.0,Introvert,0,0,0,0.06665829
9462,8.0,No,0.0,5.0,No,3.0,0.0,Introvert,0,0,0,0.003074501
9487,6.0,Yes,3.0,3.0,Yes,8.0,2.0,Extrovert,1,1,1,0.009804441
9501,6.0,Yes,2.0,2.0,Yes,8.0,2.0,Extrovert,1,1,1,0.008727497
9521,11.0,Yes,2.0,3.0,Yes,4.0,0.0,Extrovert,1,1,1,0.010809157
9555,4.0,Yes,6.0,4.0,,8.0,2.0,Introvert,0,1,0,0.01978547
9571,2.0,Yes,5.0,2.0,Yes,5.0,2.0,Introvert,0,1,1,0.006893718
9578,5.0,Yes,2.0,2.0,Yes,5.0,3.0,Extrovert,1,1,1,0.008776072
9601,3.0,,6.0,7.0,No,8.0,6.0,Introvert,0,0,0,0.028950464
9612,3.0,No,3.0,5.0,No,4.0,5.0,Extrovert,1,0,0,0.002850945
9628,5.0,Yes,1.0,6.0,Yes,4.0,3.0,Extrovert,1,1,1,0.011103035
9636,3.0,No,8.0,7.0,No,6.0,5.0,Introvert,0,0,0,0.028928418
9692,9.0,No,8.0,4.0,No,13.0,6.0,Extrovert,1,0,0,0.0030572682
9693,4.0,No,7.0,6.0,No,7.0,3.0,Extrovert,1,0,0,0.0016876801
9716,1.0,No,3.0,7.0,No,11.0,7.0,Introvert,0,0,0,0.022782568
9738,1.0,No,6.0,5.0,No,11.0,5.0,Introvert,0,0,0,0.03636614
9750,6.0,Yes,0.0,3.0,Yes,3.0,0.0,Extrovert,1,1,1,0.010339566
9781,3.0,No,3.0,4.0,No,4.0,9.0,Extrovert,1,0,0,0.002630991
9798,4.0,No,5.0,6.0,No,5.0,9.0,Extrovert,1,0,0,0.0017850209
9802,9.0,No,9.0,5.0,No,11.0,6.0,Introvert,0,0,0,0.018116673
9818,3.0,,4.0,4.0,No,15.0,7.0,Introvert,0,0,0,0.04233057
9830,11.0,Yes,3.0,5.0,Yes,4.0,1.0,Extrovert,1,1,1,0.010978514
9894,0.0,No,3.0,6.0,No,10.0,7.0,Introvert,0,0,0,0.030835306
9969,3.0,No,3.0,5.0,No,3.0,6.0,Extrovert,1,0,0,0.0036367138
10004,6.0,,2.0,0.0,Yes,4.0,1.0,Extrovert,1,0,1,0.014541896
10022,8.0,Yes,1.0,3.0,Yes,4.0,5.0,Extrovert,1,1,1,0.0091646295
10027,9.0,Yes,1.0,0.0,Yes,3.0,2.0,Extrovert,1,1,1,0.009701045
10080,5.0,Yes,2.0,4.0,Yes,8.0,0.0,Extrovert,1,1,1,0.010977023
10112,4.0,No,4.0,5.0,No,4.0,7.0,Extrovert,1,0,0,0.002902329
10120,0.0,No,3.0,7.0,No,7.0,4.0,Introvert,0,0,0,0.032975737
10125,4.0,No,5.0,6.0,No,8.0,3.0,Extrovert,1,0,0,0.0017101635
10149,8.0,Yes,1.0,2.0,,1.0,2.0,Extrovert,1,1,0,0.015491451
10164,2.0,No,10.0,5.0,No,9.0,5.0,Introvert,0,0,0,0.028197773
10169,0.0,No,6.0,5.0,No,14.0,8.0,Introvert,0,0,0,0.02892787
10243,5.0,No,8.0,5.0,No,15.0,3.0,Introvert,0,0,0,0.02829475
10254,3.0,No,8.0,7.0,No,12.0,7.0,Introvert,0,0,0,0.021924235
10277,5.0,No,5.0,5.0,No,13.0,10.0,Extrovert,1,0,0,0.0017379555
10282,0.0,No,5.0,6.0,No,8.0,10.0,Introvert,0,0,0,0.02925614
10328,2.0,Yes,5.0,2.0,Yes,2.0,5.0,Introvert,0,1,1,0.0046665547
10331,2.0,No,8.0,7.0,No,8.0,6.0,Introvert,0,0,0,0.023344986
10371,0.0,No,1.0,4.0,No,4.0,4.0,Extrovert,1,0,0,0.0035374605
10374,11.0,Yes,0.0,0.0,Yes,8.0,1.0,Extrovert,1,1,1,0.0098371655
10400,10.0,No,7.0,4.0,No,7.0,5.0,Extrovert,1,0,0,0.0046821083
10427,1.0,No,6.0,5.0,No,15.0,7.0,Introvert,0,0,0,0.028142072
10474,6.0,Yes,0.0,2.0,Yes,8.0,3.0,Extrovert,1,1,1,0.009119441
10479,3.0,No,3.0,6.0,No,10.0,3.0,Introvert,0,0,0,0.05324572
10480,1.0,No,7.0,4.0,No,6.0,7.0,Introvert,0,0,0,0.039073914
10482,2.0,No,5.0,4.0,No,10.0,8.0,Introvert,0,0,0,0.04104945
10497,2.0,No,7.0,5.0,No,10.0,6.0,Introvert,0,0,0,0.035379503
10504,2.0,Yes,3.0,1.0,Yes,8.0,2.0,Introvert,0,1,1,0.0020836326
10510,7.0,,3.0,2.0,Yes,5.0,0.0,Extrovert,1,0,1,0.012933777
10614,4.0,No,3.0,0.0,Yes,5.0,5.0,Extrovert,1,0,1,0.013062617
10626,4.0,Yes,5.0,3.0,Yes,2.0,2.0,Introvert,0,1,1,0.0020460035
10630,5.0,Yes,5.0,0.0,Yes,1.0,2.0,Extrovert,1,1,1,0.009601673
10634,2.0,Yes,1.0,3.0,Yes,0.0,2.0,Extrovert,1,1,1,0.015001445
10642,1.0,No,9.0,5.0,No,8.0,5.0,Introvert,0,0,0,0.030167978
10648,2.0,Yes,3.0,4.0,Yes,4.0,3.0,Introvert,0,1,1,0.0033693619
10657,2.0,No,3.0,7.0,No,8.0,9.0,Introvert,0,0,0,0.033882886
10669,1.0,No,4.0,4.0,No,6.0,4.0,Introvert,0,0,0,0.03809139
10692,8.0,No,6.0,4.0,No,13.0,7.0,Extrovert,1,0,0,0.0030662175
10703,2.0,Yes,2.0,4.0,Yes,3.0,0.0,Introvert,0,1,1,0.002057581
10710,2.0,Yes,3.0,2.0,Yes,4.0,1.0,Introvert,0,1,1,0.0017603417
10723,4.0,No,6.0,6.0,No,4.0,5.0,Introvert,0,0,0,0.056652416
10732,6.0,No,6.0,5.0,No,5.0,6.0,Introvert,0,0,0,0.046932224
10752,8.0,Yes,2.0,4.0,Yes,2.0,1.0,Extrovert,1,1,1,0.011720802
10756,9.0,Yes,5.0,0.0,Yes,1.0,2.0,Extrovert,1,1,1,0.011221553
10761,9.0,Yes,2.0,0.0,Yes,1.0,3.0,Extrovert,1,1,1,0.010283769
10771,4.0,No,4.0,5.0,No,8.0,3.0,Extrovert,1,0,0,0.002087436
10801,8.0,Yes,2.0,1.0,Yes,2.0,5.0,Extrovert,1,1,1,0.010950612
10818,1.0,No,4.0,5.0,No,0.0,4.0,Extrovert,1,0,0,0.0020680071
10834,8.0,Yes,2.0,2.0,Yes,0.0,1.0,Extrovert,1,1,1,0.012099575
10844,8.0,No,8.0,6.0,No,12.0,4.0,Introvert,0,0,0,0.016099943
10854,9.0,,0.0,2.0,Yes,2.0,2.0,Extrovert,1,0,1,0.013598161
10882,7.0,Yes,0.0,1.0,Yes,5.0,0.0,Extrovert,1,1,1,0.006678334
10888,11.0,Yes,1.0,3.0,Yes,5.0,2.0,Extrovert,1,1,1,0.008241967
10891,6.0,No,4.0,7.0,No,13.0,6.0,Extrovert,1,0,0,0.003348836
10962,3.0,No,3.0,5.0,No,4.0,8.0,Extrovert,1,0,0,0.00225467
11006,0.0,No,4.0,6.0,No,10.0,5.0,Introvert,0,0,0,0.028631441
11036,1.0,No,4.0,4.0,No,14.0,5.0,Introvert,0,0,0,0.042441275
11044,3.0,No,3.0,6.0,No,7.0,3.0,Introvert,0,0,0,0.057184488
11046,11.0,Yes,2.0,0.0,,3.0,2.0,Extrovert,1,1,0,0.014608708
11081,7.0,Yes,3.0,2.0,Yes,0.0,1.0,Extrovert,1,1,1,0.011939186
11148,2.0,,2.0,4.0,Yes,5.0,1.0,Introvert,0,0,1,0.0025799302
11244,2.0,Yes,3.0,2.0,Yes,4.0,0.0,Introvert,0,1,1,0.0017597491
11247,2.0,No,7.0,3.0,No,7.0,9.0,Introvert,0,0,0,0.033087574
11255,0.0,,5.0,5.0,No,14.0,7.0,Introvert,0,0,0,0.03187025
11259,0.0,No,3.0,3.0,No,12.0,5.0,Introvert,0,0,0,0.04596204
11267,4.0,No,4.0,5.0,No,14.0,3.0,Extrovert,1,0,0,0.0018720553
11281,4.0,No,3.0,5.0,No,12.0,3.0,Extrovert,1,0,0,0.0022345132
11312,10.0,No,3.0,4.0,No,5.0,3.0,Extrovert,1,0,0,0.027321637
11334,2.0,No,7.0,7.0,No,10.0,7.0,Introvert,0,0,0,0.023542972
11340,7.0,No,5.0,6.0,No,10.0,10.0,Introvert,0,0,0,0.035514917
11360,2.0,No,8.0,7.0,No,10.0,6.0,Introvert,0,0,0,0.023078226
11456,1.0,No,8.0,7.0,No,14.0,5.0,Introvert,0,0,0,0.020191897
11467,9.0,Yes,5.0,2.0,Yes,3.0,2.0,Extrovert,1,1,1,0.010070585
11472,5.0,Yes,1.0,2.0,Yes,3.0,0.0,Extrovert,1,1,1,0.010783979
11511,3.0,No,3.0,6.0,No,5.0,7.0,Extrovert,1,0,0,0.0019934746
11512,2.0,No,3.0,6.0,No,4.0,3.0,Extrovert,1,0,0,0.0017840259
11535,5.0,,5.0,0.0,Yes,2.0,2.0,Introvert,0,0,1,0.001647219
11544,4.0,No,3.0,3.0,No,3.0,9.0,Introvert,0,0,0,0.0936093
11545,5.0,Yes,1.0,0.0,Yes,0.0,2.0,Extrovert,1,1,1,0.009672281
11546,8.0,Yes,0.0,0.0,Yes,1.0,5.0,Extrovert,1,1,1,0.009475776
11557,9.0,Yes,1.0,4.0,Yes,3.0,1.0,Extrovert,1,1,1,0.010925989
11574,4.0,No,4.0,7.0,,6.0,8.0,Extrovert,1,0,0,0.0043029073
11608,7.0,,2.0,2.0,Yes,1.0,1.0,Extrovert,1,0,1,0.014184093
11613,7.0,Yes,5.0,0.0,Yes,5.0,0.0,Extrovert,1,1,1,0.0121220965
11615,4.0,No,8.0,6.0,No,10.0,7.0,Introvert,0,0,0,0.031480502
11625,9.0,Yes,3.0,1.0,Yes,1.0,2.0,Extrovert,1,1,1,0.010113675
11627,4.0,Yes,2.0,2.0,Yes,3.0,5.0,Extrovert,1,1,1,0.009228965
11643,5.0,No,7.0,4.0,No,10.0,3.0,Extrovert,1,0,0,0.0035719902
11651,2.0,Yes,5.0,0.0,Yes,2.0,0.0,Introvert,0,1,1,0.0029929706
11657,8.0,Yes,9.0,5.0,Yes,5.0,6.0,Introvert,0,1,1,0.0052669183
11684,5.0,No,8.0,5.0,No,15.0,4.0,Extrovert,1,0,0,0.00641135
11715,2.0,No,7.0,6.0,No,7.0,9.0,Introvert,0,0,0,0.032130655
11752,4.0,Yes,5.0,4.0,Yes,2.0,0.0,Introvert,0,1,1,0.003206532
11757,2.0,No,2.0,5.0,No,4.0,5.0,Extrovert,1,0,0,0.0035980837
11758,6.0,Yes,0.0,4.0,,1.0,0.0,Extrovert,1,1,0,0.0119400695
11768,7.0,No,5.0,3.0,No,6.0,2.0,Extrovert,1,0,0,0.0067066434
11781,2.0,No,7.0,5.0,No,8.0,7.0,Introvert,0,0,0,0.034371592
11794,4.0,No,9.0,5.0,No,15.0,6.0,Introvert,0,0,0,0.05060819
11800,8.0,Yes,7.0,1.0,Yes,2.0,2.0,Introvert,0,1,1,0.0016602861
11820,7.0,Yes,0.0,2.0,,5.0,1.0,Extrovert,1,1,0,0.015058102
11847,0.0,No,7.0,5.0,No,10.0,3.0,Introvert,0,0,0,0.03168989
11875,11.0,Yes,1.0,1.0,,0.0,2.0,Extrovert,1,1,0,0.014396575
11918,2.0,Yes,5.0,3.0,Yes,5.0,3.0,Introvert,0,1,1,0.012632037
11923,2.0,No,3.0,3.0,No,4.0,3.0,Extrovert,1,0,0,0.0017063334
11936,2.0,,9.0,5.0,No,6.0,9.0,Introvert,0,0,0,0.03055033
11937,10.0,,2.0,2.0,Yes,2.0,2.0,Extrovert,1,0,1,0.013201175
11961,0.0,,6.0,5.0,No,10.0,6.0,Introvert,0,0,0,0.036829762
11962,5.0,Yes,1.0,2.0,Yes,2.0,2.0,Extrovert,1,1,1,0.010299396
11970,10.0,No,6.0,7.0,No,13.0,4.0,Extrovert,1,0,0,0.0035957408
11971,6.0,No,3.0,5.0,,5.0,6.0,Extrovert,1,0,0,0.016265698
11973,4.0,No,3.0,7.0,No,9.0,7.0,Extrovert,1,0,0,0.0028934549
11981,0.0,No,7.0,5.0,,14.0,5.0,Introvert,0,0,0,0.030396482
12013,1.0,Yes,2.0,4.0,Yes,3.0,1.0,Introvert,0,1,1,0.0035140158
12045,5.0,No,3.0,5.0,No,2.0,7.0,Extrovert,1,0,0,0.025385084
12061,4.0,Yes,0.0,1.0,Yes,3.0,2.0,Extrovert,1,1,1,0.008102998
12069,4.0,No,4.0,7.0,No,8.0,5.0,Extrovert,1,0,0,0.0018673502
12084,4.0,No,9.0,4.0,No,12.0,3.0,Extrovert,1,0,0,0.0030795506
12105,5.0,Yes,2.0,1.0,Yes,4.0,1.0,Extrovert,1,1,1,0.008432066
12119,4.0,No,6.0,7.0,No,4.0,9.0,Extrovert,1,0,0,0.0017751808
12139,3.0,No,8.0,7.0,No,3.0,9.0,Introvert,0,0,0,0.027806448
12142,1.0,Yes,3.0,0.0,Yes,4.0,5.0,Introvert,0,1,1,0.0024445152
12149,0.0,Yes,3.0,0.0,,4.0,2.0,Extrovert,1,1,0,0.042598892
12162,2.0,No,4.0,3.0,No,0.0,3.0,Extrovert,1,0,0,0.004366543
12170,1.0,No,3.0,6.0,No,5.0,7.0,Introvert,0,0,0,0.040757895
12195,8.0,No,5.0,6.0,No,15.0,3.0,Extrovert,1,0,0,0.0030762835
12211,2.0,Yes,3.0,2.0,Yes,5.0,5.0,Introvert,0,1,1,0.002065364
12251,4.0,No,6.0,3.0,No,12.0,3.0,Extrovert,1,0,0,0.00403593
12254,1.0,No,9.0,7.0,,12.0,8.0,Introvert,0,0,0,0.016518183
12282,8.0,Yes,9.0,3.0,Yes,3.0,2.0,Extrovert,1,1,1,0.017680507
12283,2.0,No,6.0,5.0,No,14.0,7.0,Introvert,0,0,0,0.03736164
12288,3.0,,8.0,6.0,No,12.0,7.0,Introvert,0,0,0,0.032134864
12294,6.0,Yes,5.0,0.0,Yes,3.0,2.0,Extrovert,1,1,1,0.009642856
12372,7.0,Yes,1.0,3.0,Yes,4.0,2.0,Extrovert,1,1,1,0.008587298
12382,6.0,,2.0,1.0,Yes,3.0,1.0,Extrovert,1,0,1,0.014360627
12385,9.0,Yes,2.0,3.0,Yes,3.0,0.0,Extrovert,1,1,1,0.011119249
12399,0.0,No,3.0,6.0,No,3.0,7.0,Introvert,0,0,0,0.03382487
12408,3.0,No,3.0,4.0,No,4.0,4.0,Extrovert,1,0,0,0.0031106756
12412,8.0,Yes,0.0,3.0,Yes,3.0,3.0,Extrovert,1,1,1,0.008575371
12428,0.0,No,5.0,5.0,No,12.0,4.0,Introvert,0,0,0,0.028741196
12429,2.0,No,3.0,6.0,No,3.0,7.0,Extrovert,1,0,0,0.0020886764
12435,8.0,No,8.0,7.0,No,15.0,5.0,Extrovert,1,0,0,0.0028422943
12439,8.0,Yes,0.0,1.0,Yes,1.0,3.0,Extrovert,1,1,1,0.008531735
12451,3.0,No,5.0,4.0,No,11.0,1.0,Extrovert,1,0,0,0.0026669318
12472,1.0,No,9.0,6.0,No,10.0,6.0,Introvert,0,0,0,0.027382711
12483,10.0,Yes,2.0,0.0,Yes,1.0,3.0,Extrovert,1,1,1,0.010610441
12491,8.0,Yes,3.0,1.0,Yes,5.0,3.0,Extrovert,1,1,1,0.01014355
12517,4.0,Yes,5.0,2.0,Yes,5.0,2.0,Extrovert,1,1,1,0.019718098
12521,9.0,No,8.0,6.0,No,6.0,4.0,Extrovert,1,0,0,0.0062822886
12551,5.0,No,9.0,3.0,No,6.0,5.0,Extrovert,1,0,0,0.0018624149
12555,4.0,Yes,3.0,0.0,Yes,3.0,3.0,Extrovert,1,1,1,0.0092931045
12569,4.0,,3.0,3.0,Yes,0.0,1.0,Extrovert,1,0,1,0.01546984
12573,8.0,No,7.0,6.0,No,8.0,9.0,Extrovert,1,0,0,0.007171312
12602,6.0,Yes,9.0,0.0,Yes,1.0,0.0,Introvert,0,1,1,0.003668136
12607,2.0,No,5.0,4.0,No,6.0,8.0,Introvert,0,0,0,0.035261232
12609,5.0,No,6.0,6.0,No,12.0,3.0,Extrovert,1,0,0,0.0050145905
12635,2.0,No,7.0,6.0,No,5.0,8.0,Introvert,0,0,0,0.037400436
12666,3.0,No,9.0,6.0,No,4.0,9.0,Introvert,0,0,0,0.033157494
12670,4.0,Yes,5.0,2.0,,1.0,2.0,Introvert,0,1,0,0.0019242975
12714,2.0,Yes,5.0,0.0,Yes,3.0,1.0,Extrovert,1,1,1,0.03153562
12729,6.0,No,5.0,6.0,No,11.0,3.0,Extrovert,1,0,0,0.0037893546
12730,4.0,No,4.0,7.0,No,8.0,4.0,Extrovert,1,0,0,0.0015968938
12788,6.0,Yes,1.0,3.0,Yes,5.0,2.0,Extrovert,1,1,1,0.008881167
12803,6.0,No,8.0,4.0,No,9.0,7.0,Extrovert,1,0,0,0.0041660075
12811,0.0,No,7.0,7.0,No,15.0,7.0,Introvert,0,0,0,0.017351227
12824,7.0,,0.0,2.0,,3.0,1.0,Introvert,0,0,0,0.002146274
12833,4.0,Yes,3.0,0.0,Yes,1.0,3.0,Extrovert,1,1,1,0.008768512
12838,3.0,Yes,0.0,2.0,Yes,3.0,0.0,Extrovert,1,1,1,0.0109530585
12869,0.0,No,5.0,6.0,No,5.0,7.0,Introvert,0,0,0,0.03223472
12880,9.0,Yes,0.0,2.0,Yes,2.0,2.0,Extrovert,1,1,1,0.008391567
12898,2.0,No,5.0,7.0,No,11.0,10.0,Introvert,0,0,0,0.028457351
12901,0.0,No,4.0,5.0,No,4.0,9.0,Introvert,0,0,0,0.04364404
12907,10.0,Yes,0.0,1.0,Yes,1.0,0.0,Extrovert,1,1,1,0.009855858
12912,4.0,No,9.0,5.0,No,12.0,8.0,Introvert,0,0,0,0.039771024
12942,0.0,No,9.0,7.0,No,8.0,4.0,Introvert,0,0,0,0.025003001
12983,2.0,No,6.0,6.0,No,7.0,6.0,Introvert,0,0,0,0.03620798
13033,9.0,Yes,2.0,2.0,Yes,4.0,3.0,Extrovert,1,1,1,0.009936223
13037,4.0,Yes,3.0,0.0,,1.0,1.0,Extrovert,1,1,0,0.015868198
13041,2.0,No,5.0,6.0,No,15.0,4.0,Introvert,0,0,0,0.025578782
13079,4.0,No,7.0,5.0,No,15.0,3.0,Extrovert,1,0,0,0.0027423487
13083,4.0,No,4.0,7.0,No,7.0,4.0,Extrovert,1,0,0,0.0019791194
13126,2.0,No,6.0,7.0,No,14.0,3.0,Introvert,0,0,0,0.022918014
13140,9.0,Yes,3.0,0.0,Yes,8.0,1.0,Extrovert,1,1,1,0.009333187
13141,3.0,No,3.0,5.0,No,5.0,3.0,Extrovert,1,0,0,0.0032709455
13150,6.0,No,8.0,6.0,No,8.0,7.0,Extrovert,1,0,0,0.005578297
13155,5.0,No,7.0,5.0,No,8.0,6.0,Extrovert,1,0,0,0.0037732297
13158,4.0,No,5.0,7.0,No,13.0,7.0,Introvert,0,0,0,0.041619297
13172,2.0,No,10.0,6.0,No,15.0,8.0,Introvert,0,0,0,0.021377515
13173,2.0,No,6.0,5.0,No,15.0,4.0,Introvert,0,0,0,0.029786088
13225,11.0,Yes,0.0,0.0,Yes,0.0,2.0,Extrovert,1,1,1,0.0077700717
13265,2.0,Yes,5.0,0.0,Yes,1.0,1.0,Introvert,0,1,1,0.0024289305
13269,4.0,Yes,1.0,2.0,Yes,0.0,0.0,Extrovert,1,1,1,0.011451804
13274,10.0,No,8.0,3.0,No,8.0,3.0,Extrovert,1,0,0,0.0033205163
13296,2.0,Yes,3.0,3.0,Yes,4.0,3.0,Introvert,0,1,1,0.0023685554
13338,2.0,Yes,3.0,1.0,Yes,8.0,0.0,Introvert,0,1,1,0.0028220701
13344,11.0,Yes,1.0,2.0,Yes,3.0,0.0,Extrovert,1,1,1,0.010177211
13387,2.0,Yes,7.0,2.0,Yes,4.0,1.0,Extrovert,1,1,1,0.029072579
13395,11.0,Yes,1.0,0.0,Yes,0.0,2.0,Extrovert,1,1,1,0.009545417
13444,9.0,Yes,0.0,1.0,,4.0,1.0,Extrovert,1,1,0,0.014559222
13447,4.0,Yes,3.0,0.0,Yes,4.0,0.0,Extrovert,1,1,1,0.0102564525
13460,4.0,No,6.0,6.0,No,7.0,6.0,Introvert,0,0,0,0.046064887
13468,9.0,Yes,0.0,1.0,No,3.0,5.0,Extrovert,1,1,0,0.012015049
13477,0.0,No,8.0,7.0,No,10.0,9.0,Introvert,0,0,0,0.022204868
13484,6.0,,0.0,4.0,Yes,4.0,1.0,Extrovert,1,0,1,0.012173239
13491,0.0,No,4.0,6.0,No,12.0,7.0,Introvert,0,0,0,0.025925254
13495,2.0,Yes,5.0,2.0,Yes,3.0,0.0,Introvert,0,1,1,0.006016625
13508,2.0,No,7.0,7.0,No,11.0,8.0,Introvert,0,0,0,0.023567451
13509,8.0,,2.0,1.0,,2.0,0.0,Introvert,0,0,0,0.0017665448
13521,3.0,,4.0,6.0,No,11.0,4.0,Introvert,0,0,0,0.034935664
13551,2.0,No,6.0,5.0,No,14.0,4.0,Introvert,0,0,0,0.030590698
13577,2.0,No,5.0,7.0,No,14.0,3.0,Introvert,0,0,0,0.023367684
13581,2.0,No,1.0,5.0,No,4.0,6.0,Extrovert,1,0,0,0.007475289
13599,2.0,No,6.0,3.0,No,8.0,6.0,Introvert,0,0,0,0.042438548
13608,3.0,No,6.0,5.0,No,15.0,9.0,Introvert,0,0,0,0.034774672
13620,9.0,,3.0,2.0,Yes,5.0,0.0,Extrovert,1,0,1,0.013366052
13638,5.0,Yes,7.0,0.0,Yes,5.0,2.0,Extrovert,1,1,1,0.020038178
13692,4.0,,3.0,2.0,,3.0,1.0,Introvert,0,0,0,0.026297681
13704,1.0,No,3.0,6.0,No,3.0,6.0,Extrovert,1,0,0,0.0015810893
13727,6.0,Yes,2.0,2.0,Yes,1.0,2.0,Extrovert,1,1,1,0.011220398
13787,5.0,No,6.0,4.0,No,15.0,3.0,Extrovert,1,0,0,0.0038518629
13792,0.0,No,6.0,4.0,No,10.0,3.0,Introvert,0,0,0,0.038628325
13799,5.0,Yes,2.0,2.0,Yes,5.0,0.0,Extrovert,1,1,1,0.0110217715
13851,4.0,No,8.0,3.0,No,15.0,4.0,Extrovert,1,0,0,0.0031452603
13855,4.0,No,5.0,7.0,No,8.0,6.0,Extrovert,1,0,0,0.0015758616
13886,5.0,No,2.0,1.0,No,5.0,0.0,Introvert,0,0,0,0.0063303574
13897,6.0,Yes,3.0,1.0,Yes,2.0,0.0,Extrovert,1,1,1,0.011268364
13927,2.0,No,5.0,6.0,No,4.0,6.0,Introvert,0,0,0,0.036678918
13950,3.0,Yes,1.0,2.0,Yes,4.0,1.0,Extrovert,1,1,1,0.009748218
13959,4.0,No,4.0,6.0,No,14.0,3.0,Extrovert,1,0,0,0.0016281771
13980,2.0,Yes,5.0,0.0,Yes,2.0,2.0,Introvert,0,1,1,0.0027166568
13994,2.0,No,0.0,2.0,No,1.0,2.0,Extrovert,1,0,0,0.041247476
14014,4.0,No,5.0,4.0,No,8.0,3.0,Extrovert,1,0,0,0.0016952548
14018,4.0,No,7.0,4.0,No,14.0,3.0,Extrovert,1,0,0,0.0034883933
14083,0.0,,7.0,4.0,No,7.0,8.0,Introvert,0,0,0,0.033816297
14087,5.0,No,7.0,5.0,No,13.0,7.0,Extrovert,1,0,0,0.0030946697
14121,3.0,No,3.0,6.0,No,14.0,9.0,Introvert,0,0,0,0.042936936
14172,2.0,No,3.0,7.0,No,4.0,7.0,Extrovert,1,0,0,0.0015628844
14188,11.0,Yes,2.0,2.0,Yes,1.0,1.0,Extrovert,1,1,1,0.01004538
14201,2.0,,3.0,5.0,No,4.0,3.0,Extrovert,1,0,0,0.0019350573
14205,1.0,,8.0,5.0,No,14.0,6.0,Introvert,0,0,0,0.027875276
14256,10.0,Yes,0.0,2.0,Yes,3.0,2.0,Extrovert,1,1,1,0.008497674
14257,10.0,No,4.0,7.0,No,8.0,8.0,Extrovert,1,0,0,0.024577
14287,2.0,Yes,2.0,2.0,,3.0,2.0,Introvert,0,1,0,0.0018088069
14296,5.0,Yes,2.0,0.0,Yes,0.0,1.0,Extrovert,1,1,1,0.012356066
14378,0.0,No,5.0,4.0,No,14.0,6.0,Introvert,0,0,0,0.04114758
14396,6.0,No,7.0,4.0,No,14.0,8.0,Extrovert,1,0,0,0.003357497
14415,7.0,Yes,3.0,2.0,Yes,8.0,2.0,Extrovert,1,1,1,0.009596264
14437,5.0,No,4.0,3.0,No,6.0,4.0,Extrovert,1,0,0,0.0034992308
14503,0.0,No,5.0,4.0,No,14.0,7.0,Introvert,0,0,0,0.039109174
14505,4.0,No,5.0,7.0,No,8.0,7.0,Extrovert,1,0,0,0.0015841709
14510,0.0,Yes,1.0,1.0,Yes,3.0,2.0,Introvert,0,1,1,0.0017650578
14530,6.0,Yes,0.0,1.0,Yes,4.0,3.0,Extrovert,1,1,1,0.007724589
14536,4.0,No,7.0,6.0,No,1.0,7.0,Extrovert,1,0,0,0.0017872719
14544,2.0,Yes,3.0,4.0,Yes,1.0,2.0,Introvert,0,1,1,0.0022904996
14545,2.0,No,3.0,6.0,No,4.0,8.0,Extrovert,1,0,0,0.0017572313
14578,4.0,No,9.0,3.0,No,10.0,4.0,Extrovert,1,0,0,0.0017247901
14634,2.0,Yes,3.0,0.0,Yes,4.0,2.0,Extrovert,1,1,1,0.015457824
14663,4.0,No,4.0,7.0,No,9.0,10.0,Extrovert,1,0,0,0.0034423224
14666,10.0,No,4.0,5.0,No,7.0,6.0,Introvert,0,0,0,0.035142217
14687,5.0,No,9.0,3.0,No,13.0,6.0,Introvert,0,0,0,0.061638642
14717,3.0,No,3.0,6.0,No,5.0,4.0,Extrovert,1,0,0,0.00257216
14729,9.0,Yes,3.0,2.0,Yes,2.0,0.0,Extrovert,1,1,1,0.011538383
14753,3.0,No,3.0,4.0,No,3.0,0.0,Introvert,0,0,0,0.024411697
14754,1.0,No,3.0,4.0,,6.0,0.0,Extrovert,1,0,0,0.0025296118
14756,1.0,,3.0,2.0,Yes,8.0,0.0,Introvert,0,0,1,0.005867721
14795,0.0,No,8.0,4.0,No,14.0,6.0,Introvert,0,0,0,0.031533223
14813,9.0,Yes,0.0,0.0,Yes,4.0,2.0,Extrovert,1,1,1,0.00821933
14820,8.0,No,5.0,5.0,No,3.0,4.0,Introvert,0,0,0,0.03237187
14837,8.0,Yes,2.0,1.0,,2.0,2.0,Extrovert,1,1,0,0.015360437
14847,2.0,No,9.0,6.0,No,15.0,7.0,Introvert,0,0,0,0.022701308
14867,5.0,,4.0,4.0,,7.0,0.0,Introvert,0,0,0,0.035397973
14883,5.0,Yes,3.0,3.0,Yes,0.0,1.0,Extrovert,1,1,1,0.011314308
14898,5.0,,0.0,1.0,Yes,4.0,5.0,Extrovert,1,0,1,0.014149524
14950,2.0,Yes,3.0,2.0,Yes,3.0,1.0,Introvert,0,1,1,0.0016814721
14954,10.0,Yes,3.0,2.0,Yes,2.0,3.0,Extrovert,1,1,1,0.010128156
14983,2.0,Yes,2.0,4.0,Yes,4.0,1.0,Introvert,0,1,1,0.0021172804
14991,4.0,Yes,5.0,2.0,Yes,8.0,2.0,Introvert,0,1,1,0.0034403906
15072,2.0,No,8.0,4.0,No,8.0,6.0,Introvert,0,0,0,0.039774537
15098,3.0,No,3.0,7.0,No,4.0,7.0,Extrovert,1,0,0,0.0029885245
15115,3.0,No,8.0,7.0,No,6.0,4.0,Introvert,0,0,0,0.032801397
15119,2.0,No,8.0,7.0,No,7.0,10.0,Introvert,0,0,0,0.025369778
15120,4.0,Yes,5.0,0.0,Yes,8.0,2.0,Introvert,0,1,1,0.0016561364
15129,2.0,Yes,3.0,1.0,Yes,3.0,2.0,Extrovert,1,1,1,0.013959334
15131,11.0,Yes,1.0,3.0,Yes,4.0,2.0,Extrovert,1,1,1,0.008433318
15135,2.0,Yes,3.0,2.0,Yes,5.0,3.0,Introvert,0,1,1,0.0019948832
15136,4.0,,4.0,7.0,No,11.0,7.0,Extrovert,1,0,0,0.001827291
15149,0.0,,4.0,6.0,No,7.0,5.0,Introvert,0,0,0,0.03412118
15190,9.0,No,3.0,4.0,No,3.0,2.0,Introvert,0,0,0,0.011283915
15228,4.0,Yes,0.0,0.0,Yes,5.0,2.0,Extrovert,1,1,1,0.010430551
15232,2.0,Yes,3.0,4.0,Yes,3.0,0.0,Introvert,0,1,1,0.002663281
15247,2.0,Yes,4.0,0.0,Yes,5.0,2.0,Introvert,0,1,1,0.002066277
15255,1.0,No,8.0,6.0,No,10.0,10.0,Introvert,0,0,0,0.02223451
15296,4.0,No,9.0,6.0,No,13.0,3.0,Extrovert,1,0,0,0.0022593082
15330,4.0,,7.0,4.0,No,11.0,4.0,Extrovert,1,0,0,0.001999105
15355,6.0,Yes,0.0,3.0,Yes,4.0,1.0,Extrovert,1,1,1,0.009762413
15370,2.0,No,6.0,7.0,No,12.0,7.0,Introvert,0,0,0,0.024598887
15371,7.0,,3.0,0.0,,2.0,2.0,Introvert,0,0,0,0.007829328
15395,4.0,No,7.0,7.0,No,4.0,7.0,Introvert,0,0,0,0.039356377
15419,2.0,Yes,5.0,2.0,Yes,8.0,0.0,Introvert,0,1,1,0.010105665
15430,4.0,No,4.0,5.0,No,12.0,3.0,Extrovert,1,0,0,0.0019146041
15443,4.0,Yes,0.0,2.0,Yes,3.0,0.0,Extrovert,1,1,1,0.010467924
15454,0.0,No,5.0,7.0,No,14.0,7.0,Introvert,0,0,0,0.020866638
15484,10.0,No,3.0,0.0,Yes,8.0,3.0,Extrovert,1,0,1,0.01204424
15493,7.0,Yes,0.0,1.0,Yes,5.0,2.0,Extrovert,1,1,1,0.008103513
15504,4.0,No,3.0,7.0,No,13.0,8.0,Introvert,0,0,0,0.06337936
15537,9.0,Yes,5.0,3.0,Yes,5.0,3.0,Extrovert,1,1,1,0.010387177
15540,7.0,Yes,3.0,0.0,Yes,8.0,0.0,Extrovert,1,1,1,0.008473603
15568,7.0,Yes,1.0,1.0,Yes,0.0,5.0,Extrovert,1,1,1,0.010157262
15589,2.0,No,5.0,5.0,No,15.0,9.0,Introvert,0,0,0,0.035279978
15648,11.0,Yes,1.0,3.0,Yes,2.0,2.0,Extrovert,1,1,1,0.009944156
15654,0.0,No,7.0,7.0,No,3.0,7.0,Introvert,0,0,0,0.025122082
15657,8.0,No,3.0,1.0,No,4.0,0.0,Introvert,0,0,0,0.0065826527
15676,10.0,No,7.0,6.0,No,5.0,6.0,Introvert,0,0,0,0.026559465
15678,1.0,,6.0,5.0,No,5.0,9.0,Introvert,0,0,0,0.033340637
15683,0.0,No,6.0,6.0,No,13.0,7.0,Introvert,0,0,0,0.027641552
15709,10.0,Yes,5.0,1.0,Yes,2.0,1.0,Extrovert,1,1,1,0.009744897
15743,2.0,No,6.0,7.0,No,5.0,5.0,Introvert,0,0,0,0.027785761
15787,3.0,No,3.0,4.0,No,5.0,4.0,Extrovert,1,0,0,0.0017752195
15805,4.0,No,7.0,6.0,No,14.0,3.0,Extrovert,1,0,0,0.0021568649
15806,4.0,No,9.0,5.0,No,10.0,3.0,Extrovert,1,0,0,0.0018788369
15853,8.0,No,7.0,5.0,No,12.0,6.0,Extrovert,1,0,0,0.0032758946
15865,4.0,No,6.0,5.0,No,13.0,4.0,Extrovert,1,0,0,0.001604954
15908,10.0,Yes,1.0,4.0,Yes,1.0,2.0,Extrovert,1,1,1,0.010365535
15930,8.0,No,5.0,6.0,No,8.0,6.0,Extrovert,1,0,0,0.00596894
15946,0.0,Yes,2.0,0.0,Yes,4.0,1.0,Extrovert,1,1,1,0.022393016
15960,4.0,No,9.0,6.0,No,10.0,7.0,Introvert,0,0,0,0.029931106
15965,2.0,Yes,5.0,1.0,Yes,5.0,2.0,Introvert,0,1,1,0.005166418
15972,1.0,No,6.0,4.0,No,15.0,5.0,Introvert,0,0,0,0.035360992
15999,7.0,No,7.0,3.0,No,9.0,7.0,Extrovert,1,0,0,0.0024744358
16015,7.0,No,4.0,4.0,No,15.0,7.0,Extrovert,1,0,0,0.004254622
16136,6.0,No,9.0,6.0,No,9.0,5.0,Extrovert,1,0,0,0.0040836674
16145,2.0,No,6.0,7.0,No,11.0,9.0,Introvert,0,0,0,0.028828718
16165,11.0,Yes,2.0,1.0,Yes,4.0,3.0,Extrovert,1,1,1,0.011211222
16188,3.0,No,5.0,7.0,No,5.0,8.0,Introvert,0,0,0,0.033923466
16204,4.0,Yes,3.0,2.0,Yes,8.0,1.0,Extrovert,1,1,1,0.009518358
16244,3.0,,6.0,5.0,No,12.0,3.0,Introvert,0,0,0,0.032456666
16274,5.0,,5.0,0.0,Yes,4.0,1.0,Introvert,0,0,1,0.0016483038
16275,0.0,,5.0,4.0,No,15.0,4.0,Introvert,0,0,0,0.03467119
16350,2.0,Yes,3.0,2.0,Yes,3.0,2.0,Introvert,0,1,1,0.0017730483
16371,3.0,No,5.0,7.0,No,6.0,7.0,Introvert,0,0,0,0.031941526
16393,2.0,Yes,3.0,3.0,Yes,3.0,3.0,Introvert,0,1,1,0.0022107598
16398,10.0,,2.0,4.0,,8.0,2.0,Introvert,0,0,0,0.021405991
16400,2.0,No,8.0,4.0,No,12.0,9.0,Introvert,0,0,0,0.03346826
16434,4.0,Yes,1.0,1.0,Yes,5.0,2.0,Extrovert,1,1,1,0.008166565
16473,4.0,Yes,0.0,2.0,Yes,2.0,3.0,Extrovert,1,1,1,0.008776265
16475,4.0,Yes,3.0,4.0,Yes,8.0,2.0,Introvert,0,1,1,0.0017464877
16490,6.0,,5.0,2.0,Yes,3.0,2.0,Introvert,0,0,1,0.0024989198
16567,0.0,No,9.0,6.0,No,13.0,9.0,Introvert,0,0,0,0.021046394
16590,2.0,No,2.0,6.0,No,4.0,9.0,Extrovert,1,0,0,0.002803585
16610,7.0,No,7.0,5.0,No,14.0,8.0,Extrovert,1,0,0,0.003249174
16638,0.0,No,9.0,7.0,No,13.0,5.0,Introvert,0,0,0,0.019183451
16641,4.0,No,8.0,3.0,No,14.0,5.0,Extrovert,1,0,0,0.0017477834
16643,8.0,,3.0,2.0,Yes,4.0,0.0,Extrovert,1,0,1,0.01366377
16655,3.0,No,5.0,5.0,No,11.0,10.0,Introvert,0,0,0,0.032978665
16703,0.0,No,5.0,3.0,No,10.0,10.0,Introvert,0,0,0,0.034474153
16751,3.0,No,3.0,5.0,No,4.0,7.0,Extrovert,1,0,0,0.0024397462
16752,2.0,Yes,3.0,1.0,Yes,5.0,1.0,Introvert,0,1,1,0.0015672573
16783,3.0,No,6.0,3.0,No,15.0,9.0,Introvert,0,0,0,0.042392716
16798,4.0,Yes,5.0,1.0,Yes,5.0,1.0,Introvert,0,1,1,0.00159203
16801,0.0,No,10.0,5.0,No,9.0,9.0,Introvert,0,0,0,0.020163478
16847,0.0,No,9.0,5.0,No,12.0,3.0,Introvert,0,0,0,0.02967621
16848,1.0,No,5.0,4.0,No,9.0,3.0,Introvert,0,0,0,0.039762374
16854,1.0,No,7.0,5.0,No,8.0,7.0,Introvert,0,0,0,0.03416022
16899,4.0,No,6.0,5.0,No,10.0,3.0,Extrovert,1,0,0,0.0024513472
16917,3.0,Yes,2.0,0.0,Yes,5.0,0.0,Extrovert,1,1,1,0.010607503
16943,4.0,No,4.0,4.0,No,12.0,3.0,Extrovert,1,0,0,0.0024419434
16953,1.0,No,9.0,7.0,No,12.0,8.0,Introvert,0,0,0,0.016518183
16976,1.0,No,6.0,4.0,,13.0,5.0,Introvert,0,0,0,0.04271623
17013,10.0,Yes,3.0,4.0,Yes,5.0,1.0,Extrovert,1,1,1,0.011263823
17020,3.0,No,3.0,4.0,No,5.0,3.0,Extrovert,1,0,0,0.0036484431
17049,9.0,,3.0,1.0,No,2.0,2.0,Introvert,0,0,0,0.005915008
17091,3.0,No,4.0,3.0,No,8.0,7.0,Introvert,0,0,0,0.04561215
17116,6.0,No,4.0,6.0,No,8.0,7.0,Introvert,0,0,0,0.05152694
17121,4.0,,5.0,2.0,Yes,3.0,2.0,Introvert,0,0,1,0.0031851204
17131,5.0,No,3.0,7.0,No,1.0,8.0,Extrovert,1,0,0,0.022036895
17141,6.0,Yes,0.0,2.0,Yes,2.0,2.0,Extrovert,1,1,1,0.008000578
17143,10.0,,2.0,0.0,Yes,5.0,2.0,Extrovert,1,0,1,0.014869801
17164,2.0,No,0.0,4.0,No,5.0,7.0,Extrovert,1,0,0,0.018730693
17180,11.0,No,5.0,7.0,No,14.0,7.0,Extrovert,1,0,0,0.005430342
17218,2.0,No,3.0,6.0,No,4.0,7.0,Extrovert,1,0,0,0.001636773
17231,4.0,No,7.0,5.0,No,11.0,4.0,Extrovert,1,0,0,0.0018865333
17248,3.0,No,0.0,6.0,No,4.0,7.0,Extrovert,1,0,0,0.02814626
17287,1.0,No,8.0,4.0,No,5.0,8.0,Introvert,0,0,0,0.033624496
17315,3.0,No,3.0,6.0,No,4.0,7.0,Extrovert,1,0,0,0.0023855276
17369,0.0,No,6.0,5.0,,8.0,8.0,Introvert,0,0,0,0.033903692
17386,9.0,Yes,1.0,2.0,Yes,0.0,6.0,Extrovert,1,1,1,0.0104937805
17422,11.0,No,8.0,4.0,No,8.0,3.0,Extrovert,1,0,0,0.0035694852
17440,4.0,Yes,7.0,1.0,Yes,3.0,2.0,Introvert,0,1,1,0.0043647783
17454,5.0,Yes,0.0,3.0,Yes,4.0,2.0,Extrovert,1,1,1,0.008020703
17468,8.0,No,7.0,6.0,No,6.0,3.0,Extrovert,1,0,0,0.0054753036
17483,3.0,No,7.0,7.0,No,15.0,5.0,Introvert,0,0,0,0.021463063
17523,2.0,No,6.0,4.0,Yes,13.0,3.0,Extrovert,1,0,1,0.0049044774
17532,8.0,,5.0,2.0,Yes,4.0,0.0,Introvert,0,0,1,0.0018275462
17551,8.0,,5.0,1.0,Yes,5.0,2.0,Introvert,0,0,1,0.0018658686
17621,4.0,No,7.0,7.0,No,15.0,4.0,Introvert,0,0,0,0.033703826
17641,9.0,Yes,3.0,1.0,Yes,5.0,2.0,Extrovert,1,1,1,0.010139672
17664,0.0,No,3.0,7.0,Yes,4.0,7.0,Extrovert,1,0,1,0.0041854163
17675,0.0,Yes,4.0,4.0,Yes,12.0,3.0,Extrovert,1,1,1,0.002286073
17678,10.0,Yes,2.0,3.0,Yes,0.0,2.0,Extrovert,1,1,1,0.010444672
17680,2.0,No,2.0,7.0,No,6.0,4.0,Extrovert,1,0,0,0.0017231005
17704,4.0,No,4.0,7.0,No,5.0,9.0,Extrovert,1,0,0,0.0068845027
17733,7.0,Yes,2.0,1.0,Yes,7.0,2.0,Extrovert,1,1,1,0.009665197
17734,0.0,No,9.0,4.0,No,9.0,6.0,Introvert,0,0,0,0.029814597
17750,9.0,Yes,1.0,1.0,Yes,5.0,3.0,Extrovert,1,1,1,0.009542223
17772,5.0,No,9.0,3.0,No,12.0,4.0,Introvert,0,0,0,0.029525517
17793,2.0,No,5.0,3.0,No,15.0,8.0,Introvert,0,0,0,0.04111446
17804,11.0,No,7.0,6.0,No,10.0,4.0,Extrovert,1,0,0,0.0048409384
17808,4.0,Yes,5.0,2.0,Yes,8.0,1.0,Introvert,0,1,1,0.0035563863
17816,2.0,No,7.0,7.0,No,5.0,9.0,Introvert,0,0,0,0.026787374
17845,3.0,No,3.0,6.0,No,6.0,3.0,Extrovert,1,0,0,0.0019080625
17930,11.0,Yes,0.0,0.0,,3.0,0.0,Extrovert,1,1,0,0.01494157
17964,4.0,,0.0,0.0,,3.0,2.0,Introvert,0,0,0,0.0034296513
17986,2.0,No,3.0,5.0,No,4.0,9.0,Extrovert,1,0,0,0.0016411374
17989,3.0,No,6.0,6.0,No,12.0,8.0,Introvert,0,0,0,0.029897744
17992,2.0,No,7.0,4.0,No,11.0,3.0,Introvert,0,0,0,0.040335298
18018,6.0,Yes,0.0,2.0,Yes,0.0,2.0,Extrovert,1,1,1,0.009435311
18039,2.0,Yes,3.0,2.0,Yes,8.0,2.0,Extrovert,1,1,1,0.017364107
18046,2.0,,3.0,4.0,Yes,4.0,2.0,Introvert,0,0,1,0.004060824
18063,2.0,Yes,3.0,2.0,Yes,4.0,2.0,Introvert,0,1,1,0.0017889228
18091,4.0,No,5.0,7.0,No,7.0,6.0,Extrovert,1,0,0,0.001761254
18111,6.0,No,6.0,7.0,No,13.0,4.0,Extrovert,1,0,0,0.004019721
18148,6.0,Yes,1.0,3.0,Yes,3.0,3.0,Extrovert,1,1,1,0.008759292
18214,2.0,,0.0,3.0,,4.0,3.0,Introvert,0,0,0,0.020398902
18221,6.0,No,4.0,3.0,No,12.0,8.0,Extrovert,1,0,0,0.0028298586
18236,6.0,No,5.0,3.0,No,6.0,7.0,Extrovert,1,0,0,0.0060545965
18276,0.0,No,9.0,5.0,No,10.0,9.0,Introvert,0,0,0,0.0237604
18282,9.0,Yes,2.0,0.0,Yes,8.0,0.0,Extrovert,1,1,1,0.007447255
18301,11.0,,3.0,0.0,,2.0,0.0,Introvert,0,0,0,0.0018436427
18312,0.0,No,5.0,6.0,No,15.0,9.0,Introvert,0,0,0,0.022295784
18317,11.0,,0.0,0.0,Yes,2.0,0.0,Extrovert,1,0,1,0.01634811
18337,5.0,Yes,3.0,4.0,,4.0,2.0,Extrovert,1,1,0,0.013383595
18377,5.0,Yes,2.0,0.0,Yes,7.0,1.0,Extrovert,1,1,1,0.008849933
18400,3.0,No,4.0,3.0,No,14.0,3.0,Extrovert,1,0,0,0.0016590132
18404,5.0,No,8.0,5.0,No,14.0,7.0,Extrovert,1,0,0,0.0035225947
18437,11.0,Yes,0.0,2.0,Yes,0.0,3.0,Extrovert,1,1,1,0.0083285915
18443,2.0,No,7.0,4.0,No,9.0,4.0,Introvert,0,0,0,0.038409952
18486,3.0,No,5.0,3.0,No,6.0,8.0,Introvert,0,0,0,0.045144364
18502,2.0,No,4.0,5.0,No,15.0,6.0,Extrovert,1,0,0,0.0016909379
18514,6.0,No,5.0,3.0,No,10.0,4.0,Extrovert,1,0,0,0.010435763
18522,2.0,Yes,1.0,0.0,Yes,5.0,2.0,Introvert,0,1,1,0.001968454
